fips,name,count_property,count_fema_sfha,pct_fema_sfha,count_fs_risk_005_year00,pct_fs_risk_005_year00,count_fs_risk_005_year30,pct_fs_risk_005_year30,count_fs_risk_100_year00,pct_fs_risk_100_year00,count_fs_risk_100_year30,pct_fs_risk_100_year30,count_fs_risk_005_year00,pct_fs_risk_005_year00,count_fs_risk_500_year30,pct_fs_risk_500_year30,count_fs_fema_difference_year00,pct_fs_fema_difference_year00,avg_risk_score_all,avg_risk_score_2_10,avg_risk_fsf_100_year00,avg_risk_fsf_005_year0000,avg_risk_score_sfha,avg_risk_score_no_sfha,count_floodfactor1,count_floodfactor2,count_floodfactor3,count_floodfactor4,count_floodfactor5,count_floodfactor6,count_floodfactor7,count_floodfactor8,count_floodfactor9,count_floodfactor10
101,Alabama Congressional District 1,431390,45932,10.6,19130,4.4,23239,5.4,75897,17.6,81921,19,90490,21,96897,22.5,29965,6.9,2.37,7.08,8.01,7.4,7.61,1.73,334485,3685,6705,4417,6455,12765,12588,17904,23260,9126
102,Alabama Congressional District 2,442124,20925,4.7,16342,3.7,17357,3.9,42751,9.7,44618,10.1,51953,11.8,54436,12.3,21826,4.9,1.74,6.99,7.91,7.21,5.98,1.52,387679,1918,4195,2577,4577,7148,6322,10013,13408,4287
103,Alabama Congressional District 3,470471,27180,5.8,23053,4.9,25181,5.4,59950,12.7,62693,13.3,71118,15.1,73856,15.7,32770,7,1.96,7.14,7.95,7.33,6.17,1.69,396607,2366,4939,3075,5661,8619,9370,14788,18789,6257
104,Alabama Congressional District 4,503319,19266,3.8,25155,5,26676,5.3,59700,11.9,61914,12.3,71639,14.2,73719,14.6,40434,8,1.93,7.31,8.15,7.46,6.42,1.74,429591,1947,4822,3488,5306,8335,7937,12389,19253,10251
105,Alabama Congressional District 5,371176,18454,5,13573,3.7,14345,3.9,49823,13.4,51478,13.9,62755,16.9,64583,17.4,31369,8.5,1.99,6.67,7.6,6.8,5.75,1.78,306571,2240,5790,3944,6521,9294,9285,11872,11610,4049
106,Alabama Congressional District 6,364522,9850,2.7,13026,3.6,14381,3.9,44628,12.2,46645,12.8,53107,14.6,55137,15.1,34778,9.5,1.95,7.25,8.04,7.43,6.47,1.78,309358,1195,3385,2638,3991,6696,6918,10565,13954,5822
107,Alabama Congressional District 7,430184,40348,9.4,19323,4.5,21314,5,66032,15.3,70207,16.3,83196,19.3,86500,20.1,25684,6,2.19,6.9,7.86,7.08,6.2,1.74,343659,2831,6319,4793,7984,12262,11100,15388,19692,6156
200,Alaska Congressional District (at Large),372298,1911,0.5,16022,4.3,17673,4.7,51308,13.8,54596,14.7,67570,18.1,70908,19,49397,13.3,2.07,6.6,7.66,6.81,5.26,2.16,301351,2991,5432,5893,6643,12716,9280,9993,11729,6270
501,Arkansas Congressional District 1,544792,70198,12.9,26730,4.9,27528,5.1,71321,13.1,73059,13.4,98367,18.1,100317,18.4,1123,0.2,2,6.44,7.59,6.53,4.28,1.65,444302,4194,11390,7514,11053,15541,11970,15008,16394,7426
502,Arkansas Congressional District 2,411240,24966,6.1,11337,2.8,11623,2.8,38561,9.4,39498,9.6,51549,12.5,52507,12.8,13595,3.3,1.71,6.53,7.55,6.61,5.02,1.49,358727,1897,5167,3569,4712,9397,7696,8123,9099,2853
503,Arkansas Congressional District 3,422198,12843,3,10674,2.5,10803,2.6,25969,6.2,26366,6.2,31403,7.4,31895,7.6,13126,3.1,1.46,7.14,7.94,7.21,5.11,1.35,390299,504,2616,1824,2262,4588,3450,5095,7826,3734
504,Arkansas Congressional District 4,537342,41185,7.7,35743,6.7,36238,6.7,68876,12.8,69458,12.9,80686,15,81308,15.1,27691,5.2,1.97,7.39,8.06,7.43,5.36,1.68,456018,1239,4923,3846,5479,8793,8707,16059,24093,8185
401,Arizona Congressional District 1,482471,27198,5.6,9528,2,10639,2.2,56467,11.7,57978,12,85182,17.7,86174,17.9,29269,6.1,1.79,5.42,6.69,5.48,3.91,1.67,395666,8841,13979,10618,13576,11071,8564,9592,8389,2175
402,Arizona Congressional District 2,372406,25774,6.9,5406,1.5,5806,1.6,28905,7.8,29865,8,43508,11.7,45096,12.1,3131,0.8,1.54,5.43,6.72,5.56,3.11,1.42,327168,3734,8193,4746,6796,7085,5414,4732,3224,1314
403,Arizona Congressional District 3,319706,19286,6,3501,1.1,3580,1.1,23421,7.3,24219,7.6,34603,10.8,35701,11.2,4135,1.3,1.5,5.42,6.43,5.54,3.28,1.38,283862,2016,5932,4456,6467,7487,3160,2698,2669,959
404,Arizona Congressional District 4,635115,31593,5,11232,1.8,12112,1.9,68499,10.8,71404,11.2,100590,15.8,104333,16.4,36906,5.8,1.78,5.75,7.06,5.9,4,1.67,530373,6961,17037,9722,13319,17832,12614,12389,10993,3875
405,Arizona Congressional District 5,325928,1457,0.4,0,0,1,0,15660,4.8,18975,5.8,72466,22.2,83662,25.7,14203,4.4,1.6,3.36,5.59,3.56,1.86,1.6,242253,26213,29281,12079,7843,5650,1943,562,104,0
406,Arizona Congressional District 6,314097,13689,4.4,734,0.2,884,0.3,15937,5.1,17792,5.7,32676,10.4,38324,12.2,2248,0.7,1.43,4.55,6.76,4.98,1.8,1.42,275753,8282,8797,3283,4256,5525,3546,2837,1610,208
407,Arizona Congressional District 7,205486,3990,1.9,0,0,0,0,4076,2,4919,2.4,18208,8.9,20905,10.2,86,0,1.27,3.67,6.35,3.91,2.34,1.25,184579,4471,8869,2348,1772,2109,679,386,253,20
408,Arizona Congressional District 8,334169,2967,0.9,253,0.1,290,0.1,17353,5.2,20388,6.1,35041,10.5,39817,11.9,14386,4.3,1.39,4.23,5.95,4.53,3.54,1.37,294346,8396,9378,5651,6376,4671,2675,1678,949,49
409,Arizona Congressional District 9,235566,2376,1,0,0,0,0,4893,2.1,5811,2.5,14769,6.3,18534,7.9,2517,1.1,1.24,4.04,6.53,4.51,1.99,1.23,217027,4076,5285,2822,1897,2543,969,556,301,90
601,California Congressional District 1,451490,26603,5.9,14303,3.2,15252,3.4,68659,15.2,71872,15.9,99556,22.1,102004,22.6,42056,9.3,2.19,6.28,7.44,6.39,5.87,1.96,349444,4448,9385,8961,14901,20068,10016,12576,14231,7460
602,California Congressional District 2,346626,29401,8.5,23335,6.7,26009,7.5,56537,16.3,59108,17.1,69544,20.1,71666,20.7,27136,7.8,2.32,7.37,8.3,7.52,7.3,1.85,274922,1943,4538,3909,5977,8832,7334,8986,12678,17507
603,California Congressional District 3,288950,30196,10.5,7044,2.4,8182,2.8,56448,19.5,60485,20.9,121891,42.2,125299,43.4,26252,9.1,3.07,5.77,7.06,5.87,4.88,2.85,163639,5821,10168,10859,23426,40974,12898,9289,8979,2897
604,California Congressional District 4,446003,6980,1.6,5119,1.1,5512,1.2,32468,7.3,33411,7.5,42709,9.6,43966,9.9,25488,5.7,1.56,6.66,7.74,6.79,5.42,1.49,401989,1576,4374,3340,3866,6925,5147,6715,7962,4109
605,California Congressional District 5,254916,9764,3.8,7894,3.1,9010,3.5,41862,16.4,44808,17.6,60781,23.8,64181,25.2,32098,12.6,2.17,5.64,6.95,5.84,5.69,2.03,190721,6707,8439,6163,9124,10118,7780,7174,6294,2396
606,California Congressional District 6,213693,32855,15.4,325,0.2,379,0.2,20466,9.6,22311,10.4,146528,68.6,150664,70.5,-12389,-5.8,4.11,5.42,6.97,5.5,6.03,3.77,63026,3793,10037,18404,37235,57823,17884,3485,1649,357
607,California Congressional District 7,241493,2964,1.2,108,0,128,0.1,17484,7.2,19849,8.2,41252,17.1,44978,18.6,14520,6,1.73,4.93,6.53,5.18,4.41,1.69,196474,4312,8751,5375,6153,13147,3726,2326,1059,170
608,California Congressional District 8,476420,15994,3.4,4294,0.9,4698,1,39843,8.4,42346,8.9,61630,12.9,64444,13.5,23849,5,1.62,5.59,6.93,5.75,3.12,1.57,411829,4083,10978,7216,7717,13550,7437,5950,5076,2584
609,California Congressional District 9,244093,12882,5.3,4212,1.7,4281,1.8,27025,11.1,30773,12.6,138170,56.6,143054,58.6,14143,5.8,3.12,4.62,6.51,4.71,4.61,3.04,101027,10980,22849,35221,36011,26310,3769,6184,1648,94
610,California Congressional District 10,230329,4304,1.9,198,0.1,436,0.2,39965,17.4,44127,19.2,70522,30.6,73847,32.1,35661,15.5,2.06,4.32,5.47,4.43,3.69,2.03,156480,11249,14968,12599,18040,10630,4632,961,599,171
611,California Congressional District 11,232396,5764,2.5,1585,0.7,1909,0.8,33970,14.6,36704,15.8,49932,21.5,52004,22.4,28206,12.1,2.02,5.54,6.67,5.68,5.2,1.94,180375,3476,7150,6661,7301,12042,5278,4825,4029,1259
612,California Congressional District 12,130862,0,0,137,0.1,173,0.1,7592,5.8,8167,6.2,10566,8.1,11238,8.6,7592,5.8,1.43,6.06,7.16,6.28,,1.43,119620,317,1339,1108,1220,2633,1456,1778,1172,219
613,California Congressional District 13,176671,4584,2.6,960,0.5,1252,0.7,17913,10.1,19593,11.1,26954,15.3,28797,16.3,13329,7.5,1.76,5.66,6.99,5.89,4.3,1.69,147871,1832,4422,2820,3849,6030,3426,3150,2573,698
614,California Congressional District 14,184353,8171,4.4,5347,2.9,9719,5.3,28841,15.6,37405,20.3,42213,22.9,43487,23.6,20670,11.2,2.43,7.07,8.04,7.21,7.26,2.21,140864,997,2589,1915,2807,8578,8900,5027,4936,7740
615,California Congressional District 15,204838,4223,2.1,1676,0.8,2031,1,24920,12.2,27893,13.6,54656,26.7,57866,28.2,20697,10.1,2.16,5.11,6.86,5.28,4.22,2.12,146964,4525,9832,8023,12379,10316,5068,4334,2757,640
616,California Congressional District 16,210278,22628,10.8,205,0.1,220,0.1,58462,27.8,64660,30.7,112237,53.4,114420,54.4,35834,17,3.01,4.69,5.81,4.74,4.48,2.82,95727,10095,18294,19613,30543,26931,4914,2762,1350,49
617,California Congressional District 17,181384,13375,7.4,2572,1.4,2937,1.6,32427,17.9,36051,19.9,55207,30.4,57728,31.8,19052,10.5,2.36,5.27,6.55,5.41,4.39,2.18,123641,4344,9045,6708,9137,14473,6977,4312,1864,883
618,California Congressional District 18,222825,10682,4.8,7584,3.4,8838,4,42509,19.1,45296,20.3,58891,26.4,62018,27.8,31827,14.3,2.37,5.93,7.14,6.13,6.23,2.18,160773,4069,8540,5010,7533,12923,6837,7088,5871,4181
619,California Congressional District 19,176878,11282,6.4,1531,0.9,2443,1.4,35782,20.2,38850,22,57815,32.7,62209,35.2,24500,13.9,2.48,5.22,6.64,5.46,4.89,2.32,114644,5681,10951,6832,7761,14643,7362,6508,1986,510
620,California Congressional District 20,213336,11806,5.5,2088,1,2266,1.1,19906,9.3,20791,9.7,29668,13.9,31120,14.6,8100,3.8,1.71,5.84,7.15,6.01,5,1.51,182197,1832,4467,3148,3653,6712,3530,3066,2887,1844
621,California Congressional District 21,220450,19733,9,107,0,155,0.1,15899,7.2,17276,7.8,33627,15.3,35306,16,-3834,-1.7,1.52,4.27,5.82,4.38,2.55,1.42,185132,6177,8106,5750,5688,6280,2082,748,396,91
622,California Congressional District 22,245753,19164,7.8,62,0,79,0,38547,15.7,41379,16.8,75385,30.7,78369,31.9,19383,7.9,2.03,4.24,5.63,4.33,3.13,1.95,167381,14182,17428,10373,16023,14763,4007,1026,520,50
623,California Congressional District 23,394180,25127,6.4,2069,0.5,2279,0.6,31783,8.1,33779,8.6,67102,17,69267,17.6,6656,1.7,1.63,4.56,6.2,4.64,2.62,1.56,324864,7733,17678,14173,8808,11027,3592,2415,2578,1312
624,California Congressional District 24,264676,11683,4.4,9899,3.7,10727,4.1,29340,11.1,30380,11.5,36710,13.9,38160,14.4,17657,6.7,1.84,6.84,7.87,7.03,5.28,1.68,226504,1521,3744,2273,2979,5270,4934,5520,6621,5310
625,California Congressional District 25,265695,15615,5.9,1991,0.7,2609,1,29697,11.2,32970,12.4,46041,17.3,50980,19.2,14082,5.3,1.83,5.34,6.8,5.66,3.79,1.71,214700,5225,8971,4692,7487,9441,5536,4587,3652,1404
626,California Congressional District 26,212601,8033,3.8,4031,1.9,4956,2.3,31629,14.9,34235,16.1,40608,19.1,43467,20.4,23596,11.1,2.11,6.43,7.48,6.71,5.26,1.96,169127,2107,4385,2307,3676,8786,6606,7018,6557,2032
627,California Congressional District 27,175537,37,0,1668,1,2414,1.4,23596,13.4,26105,14.9,33471,19.1,36052,20.5,23559,13.4,1.95,5.63,6.82,5.89,5.62,1.95,139472,2932,5097,2976,5534,7315,4183,4178,2772,1078
628,California Congressional District 28,149033,953,0.6,1516,1,2037,1.4,21039,14.1,23141,15.5,29413,19.7,32070,21.5,20086,13.5,2.12,6.22,7.45,6.53,6.43,2.09,116955,1322,3931,2375,3660,6656,4074,3918,4014,2128
629,California Congressional District 29,107809,332,0.3,16,0,24,0,19542,18.1,24547,22.8,34609,32.1,36827,34.2,19210,17.8,2.37,5.02,6.24,5.21,3.74,2.37,70953,3413,5963,3472,6228,12236,3492,1177,696,179
630,California Congressional District 30,165682,292,0.2,49,0,76,0,18457,11.1,22846,13.8,36640,22.1,40755,24.6,18165,11,1.97,4.95,6.69,5.26,5.45,1.97,124909,4762,8080,4857,6108,8455,3759,2181,1953,618
631,California Congressional District 31,198743,3259,1.6,3304,1.7,4152,2.1,29285,14.7,32470,16.3,41682,21,46926,23.6,26026,13.1,2.11,5.71,7.11,6.14,4.2,2.08,151795,3923,7272,3036,5461,9369,6128,6508,4543,708
632,California Congressional District 32,151803,76,0.1,381,0.3,690,0.5,28598,18.8,32723,21.6,44794,29.5,48390,31.9,28522,18.8,2.37,5.28,6.59,5.53,4.37,2.36,103402,4395,7909,3849,7110,13191,5243,4392,1843,469
633,California Congressional District 33,181422,1590,0.9,2413,1.3,2848,1.6,22499,12.4,24438,13.5,28806,15.9,30610,16.9,20909,11.5,1.96,6.7,7.7,6.95,6.94,1.92,150806,1034,2590,1644,3013,6521,3845,3814,4431,3724
634,California Congressional District 34,88136,628,0.7,43,0,44,0,9333,10.6,10546,12,13258,15,14571,16.5,8705,9.9,1.8,5.86,6.99,6.18,5.17,1.78,73565,674,1888,985,1674,4113,2103,1806,1085,243
635,California Congressional District 35,175177,1238,0.7,110,0.1,131,0.1,16647,9.5,19469,11.1,27318,15.6,30240,17.3,15409,8.8,1.68,4.92,6.25,5.21,2.47,1.66,144923,3650,5485,2636,5521,7709,2610,1705,740,198
636,California Congressional District 36,370360,18466,5,1233,0.3,1369,0.4,52308,14.1,52963,14.3,87768,23.7,88539,23.9,33842,9.1,2.01,5.23,6.52,5.26,2.87,1.97,281720,3260,18960,12680,7600,27420,7418,7574,2975,753
637,California Congressional District 37,127024,2464,1.9,1114,0.9,1555,1.2,20915,16.5,23599,18.6,31401,24.7,33666,26.5,18451,14.5,2.12,5.21,6.32,5.43,5.7,2.05,93346,3056,4936,3042,5871,8973,4335,2387,960,118
638,California Congressional District 38,163856,303,0.2,39,0,51,0,24010,14.7,29536,18,56816,34.7,62647,38.2,23707,14.5,2.42,4.72,6.57,4.99,6.87,2.42,101197,7088,12558,10096,8760,14575,5593,2748,1039,202
639,California Congressional District 39,183380,1078,0.6,427,0.2,549,0.3,16466,9,18786,10.2,28823,15.7,31703,17.3,15388,8.4,1.77,5.45,7.09,5.74,4.32,1.75,151662,2293,5086,4482,4149,5850,3733,2855,2492,778
640,California Congressional District 40,103402,78,0.1,62,0.1,81,0.1,9359,9.1,13212,12.8,32249,31.2,38767,37.5,9281,9,2.22,4.25,6.26,4.65,7.79,2.21,64629,5574,8865,7909,6521,7631,1578,458,207,30
641,California Congressional District 41,197391,1741,0.9,2092,1.1,2335,1.2,17615,8.9,19950,10.1,26742,13.5,29010,14.7,15874,8,1.66,5.49,6.83,5.77,4.06,1.64,168379,2482,4500,2224,3978,6714,3666,3031,2279,138
642,California Congressional District 42,290525,5388,1.9,2210,0.8,2878,1,36177,12.5,39243,13.5,47816,16.5,50470,17.4,30789,10.6,1.9,6.16,7.17,6.37,3.25,1.87,240004,2753,5220,3302,6886,9194,7133,8362,6302,1369
643,California Congressional District 43,128892,52,0,128,0.1,174,0.1,12937,10,15088,11.7,21007,16.3,23286,18.1,12885,10,1.75,5.14,6.58,5.47,6.71,1.75,105603,2593,3953,1693,4063,5666,2244,1900,1055,122
644,California Congressional District 44,132196,300,0.2,192,0.1,404,0.3,15809,12,18900,14.3,34241,25.9,43358,32.8,15509,11.7,2.15,4.51,6.58,5.08,6.47,2.14,88833,6143,11965,5012,5734,7652,3368,2447,887,155
645,California Congressional District 45,180545,1101,0.6,1144,0.6,1380,0.8,17480,9.7,19836,11,26316,14.6,28917,16,16379,9.1,1.77,5.81,7.2,6.14,5.78,1.74,151619,1664,4138,2694,3630,6554,3608,2605,2488,1545
646,California Congressional District 46,101541,2333,2.3,465,0.5,555,0.5,7144,7,8525,8.4,19120,18.8,23505,23.1,4811,4.7,1.74,4.19,6.79,4.64,2.06,1.72,78023,5184,6776,2933,2479,2722,1474,847,714,389
647,California Congressional District 47,146459,6953,4.7,798,0.5,1434,1,20526,14,25900,17.7,51976,35.5,58046,39.6,13573,9.3,2.49,4.76,6.71,5.05,5.14,2.35,88409,5539,11575,10913,9848,10591,4553,3430,1347,254
648,California Congressional District 48,176180,13869,7.9,10202,5.8,11425,6.5,24572,13.9,28188,16,40207,22.8,44230,25.1,10703,6.1,2.23,5.91,7.93,6.28,5.02,1.99,131945,4828,6619,4732,4049,6926,3257,2917,4039,6868
649,California Congressional District 49,194093,3960,2,255,0.1,333,0.2,10626,5.5,11876,6.1,15611,8,16888,8.7,6666,3.4,1.45,6.11,7.38,6.39,3.97,1.39,177189,591,2008,1610,1857,3582,2294,2371,2002,589
650,California Congressional District 50,209316,7271,3.5,1162,0.6,1420,0.7,20238,9.7,21380,10.2,27299,13,28335,13.5,12967,6.2,1.71,6.19,7.19,6.35,3.54,1.63,180818,921,3153,2251,3247,6392,4181,3853,3545,955
651,California Congressional District 51,178102,5671,3.2,172,0.1,286,0.2,6376,3.6,7181,4,14669,8.2,15453,8.7,705,0.4,1.35,4.98,6.84,5.12,2.56,1.31,162580,725,4008,2637,1785,3055,1468,1059,608,177
652,California Congressional District 52,166186,2183,1.3,580,0.3,1062,0.6,7337,4.4,8454,5.1,11613,7,12606,7.6,5154,3.1,1.37,5.89,7.24,6.18,5.59,1.32,153493,558,1509,1456,1370,2957,1801,1523,1229,290
653,California Congressional District 53,162616,810,0.5,42,0,55,0,6253,3.8,6884,4.2,9846,6.1,10620,6.5,5443,3.3,1.32,5.87,7.06,6.11,4.89,1.3,151990,294,1176,1249,1328,2623,1697,1413,729,117
801,Colorado Congressional District 1,232930,1816,0.8,39,0,45,0,6302,2.7,6619,2.8,12156,5.2,12775,5.5,4486,1.9,1.21,4.9,6.41,5.03,4.58,1.18,220151,541,3354,1991,1494,3390,920,605,412,72
802,Colorado Congressional District 2,385508,7707,2,8160,2.1,8317,2.2,34249,8.9,35228,9.1,47107,12.2,48137,12.5,26542,6.9,1.7,6.63,7.85,6.72,5.76,1.59,337359,1046,6225,4344,4011,8361,4224,5039,8003,6896
803,Colorado Congressional District 3,551045,7824,1.4,7862,1.4,8058,1.5,48493,8.8,49739,9,67425,12.2,68942,12.5,40669,7.4,1.65,6.2,7.39,6.3,5.04,1.59,481920,3416,9093,6352,7052,12108,7579,8445,9978,5102
804,Colorado Congressional District 4,407968,12211,3,3186,0.8,3223,0.8,26222,6.4,26516,6.5,40769,10,41163,10.1,14011,3.4,1.46,5.53,6.78,5.57,3.36,1.39,366680,1512,8078,5250,4912,9093,4032,4029,3516,866
805,Colorado Congressional District 5,356526,6551,1.8,4242,1.2,4413,1.2,26839,7.5,26797,7.5,37113,10.4,37160,10.4,20288,5.7,1.56,6.33,7.39,6.35,4.8,1.5,319223,329,5092,3784,3374,7726,4271,4834,5664,2229
806,Colorado Congressional District 6,280867,1383,0.5,101,0,107,0,5082,1.8,5315,1.9,9504,3.4,9762,3.5,3699,1.3,1.14,5.1,6.59,5.18,4.21,1.13,271102,320,2426,1434,1052,2544,837,639,462,51
807,Colorado Congressional District 7,276098,3238,1.2,280,0.1,293,0.1,7790,2.8,8319,3,13938,5,14583,5.3,4552,1.6,1.22,5.23,6.7,5.35,3.51,1.16,261514,496,3336,2036,1686,3867,1170,933,802,258
901,Connecticut Congressional District 1,210031,4998,2.4,3840,1.8,4302,2,22434,10.7,24431,11.6,32916,15.7,34553,16.5,17436,8.3,1.83,6.03,7.27,6.22,6.87,1.65,175476,1801,3619,4236,4168,6928,3682,4047,4377,1697
902,Connecticut Congressional District 2,281263,18113,6.4,13096,4.7,14208,5.1,29549,10.5,31566,11.2,37051,13.2,39482,14,11436,4.1,1.83,6.91,8,7.19,5.59,1.56,241775,1514,3182,3132,3066,5719,3858,5633,7981,5403
903,Connecticut Congressional District 3,215020,14256,6.6,5898,2.7,7344,3.4,22692,10.6,25838,12,30654,14.3,33078,15.4,8436,3.9,1.85,6.51,7.71,6.82,6.17,1.52,181940,1273,2901,2849,3720,6414,3703,3962,4661,3597
904,Connecticut Congressional District 4,205792,14591,7.1,7756,3.8,9299,4.5,29333,14.3,31573,15.3,38761,18.8,40589,19.7,14742,7.2,2.11,6.62,7.65,6.81,6.75,1.73,165195,984,3073,3745,3644,8505,5046,5443,7186,2971
905,Connecticut Congressional District 5,239901,5404,2.3,7473,3.1,8008,3.3,23373,9.7,24414,10.2,30112,12.6,31117,13,17969,7.5,1.76,6.82,7.8,6.97,6.32,1.64,208782,661,2216,2849,2454,5598,3637,4559,6259,2886
1198,District of Columbia Delegate District (at Large),136110,1309,1,227,0.2,265,0.2,8227,6,9031,6.6,13194,9.7,14114,10.4,6918,5.1,1.49,5.75,7.01,5.98,6.2,1.45,121994,615,1799,1586,1470,4008,1940,1372,1047,279
1000,Delaware Congressional District (at Large),422994,28666,6.8,18911,4.5,22627,5.3,46627,11,51478,12.2,60821,14.4,65707,15.5,17961,4.2,1.89,6.76,8.05,7.11,8.03,1.45,357285,3314,6821,4299,6128,10390,6501,6455,8212,13589
1201,Florida Congressional District 1,429783,44493,10.4,10561,2.5,13441,3.1,67853,15.8,74884,17.4,90909,21.2,98372,22.9,23360,5.4,2.2,6.24,7.41,6.56,6.26,1.73,331410,5113,9972,7386,9546,21150,13285,14151,14186,3584
1202,Florida Congressional District 2,550712,103298,18.8,25076,4.6,30868,5.6,116371,21.1,129484,23.5,153023,27.8,169176,30.7,13073,2.4,2.7,6.55,7.79,6.96,5.91,1.95,381529,9197,14577,12141,15675,28077,21464,26214,27964,13874
1203,Florida Congressional District 3,393208,35798,9.1,7187,1.8,8658,2.2,36047,9.2,40292,10.2,50155,12.8,55200,14,249,0.1,1.71,6.04,7.39,6.42,3.72,1.5,338006,4290,6705,3603,6113,10211,6826,8200,7614,1640
1204,Florida Congressional District 4,359452,37242,10.4,8027,2.2,11682,3.2,51451,14.3,64621,18,93659,26.1,108934,30.3,14209,4,2.42,5.68,7.49,6.2,5.8,2.03,250517,7677,13933,12269,16426,19513,15728,10776,9227,3386
1205,Florida Congressional District 5,314922,20699,6.6,5751,1.8,6939,2.2,28929,9.2,33108,10.5,40240,12.8,44532,14.1,8230,2.6,1.7,5.94,7.24,6.33,4.84,1.47,270389,3254,5674,2651,5383,10052,5057,5678,5426,1358
1206,Florida Congressional District 6,414117,55008,13.3,11279,2.7,15529,3.7,84633,20.4,102786,24.8,130460,31.5,152072,36.7,29625,7.2,2.7,5.63,7.21,6.15,5.4,2.29,262039,13611,22177,12212,19012,30710,20395,18488,10931,4542
1207,Florida Congressional District 7,261091,13574,5.2,411,0.2,568,0.2,16046,6.1,19251,7.4,24006,9.2,27989,10.7,2472,0.9,1.48,5.47,6.94,5.99,3.22,1.38,233100,3051,3924,1676,4140,6077,3783,3399,1851,90
1208,Florida Congressional District 8,388130,52007,13.4,13072,3.4,20072,5.2,89237,23,104398,26.9,122180,31.5,137724,35.5,37230,9.6,2.78,6.03,7.36,6.49,4.11,2.57,250397,11597,15287,6894,16969,27134,18829,20174,15891,4958
1209,Florida Congressional District 9,436086,56183,12.9,7019,1.6,8584,2,38230,8.8,44222,10.1,54972,12.6,62431,14.3,-17953,-4.1,1.65,5.57,7,6.04,3.45,1.38,373652,6937,8859,2644,9824,10900,8774,9619,4730,147
1210,Florida Congressional District 10,260346,11272,4.3,600,0.2,838,0.3,12349,4.7,14934,5.7,19948,7.7,23305,9,1077,0.4,1.38,5.29,6.87,5.78,3.12,1.31,237041,2761,3509,1939,3584,4939,2554,2397,1423,199
1211,Florida Congressional District 11,561050,49834,8.9,11948,2.1,16448,2.9,82188,14.6,92800,16.5,112025,20,122835,21.9,32354,5.8,2.2,6.48,7.8,6.85,5.59,1.87,438206,6542,12557,9273,10270,20988,13903,19412,20628,9271
1212,Florida Congressional District 12,353005,82019,23.2,7732,2.2,12013,3.4,68246,19.3,82641,23.4,101900,28.9,123340,34.9,-13773,-3.9,2.77,6.07,7.77,6.73,5.64,1.9,229664,8298,14507,13140,11893,21290,14847,14608,19342,5416
1213,Florida Congressional District 13,230799,64937,28.1,14504,6.3,22435,9.7,76529,33.2,92197,39.9,102946,44.6,121081,52.5,11592,5,4.06,6.84,8.29,7.45,8.22,2.42,109718,4329,7217,12459,11266,17358,13323,12166,33209,9754
1214,Florida Congressional District 14,234279,36507,15.6,3182,1.4,6192,2.6,63744,27.2,75433,32.2,82236,35.1,97820,41.8,27237,11.6,3.37,6.67,8,7.3,7.51,2.6,136459,4121,7470,8766,7146,14754,10267,20393,21620,3283
1215,Florida Congressional District 15,308852,31448,10.2,2622,0.8,3323,1.1,25199,8.2,30182,9.8,40322,13.1,47064,15.2,-6249,-2,1.66,5.35,6.81,5.8,3.9,1.41,261782,3965,7376,4826,7212,10057,5894,5180,2322,238
1216,Florida Congressional District 16,349921,67154,19.2,16870,4.8,23136,6.6,75870,21.7,86318,24.7,102773,29.4,118011,33.7,8716,2.5,2.84,6.46,7.96,7.02,7.25,1.77,231903,7648,12531,9794,9475,18622,12200,15505,20693,11550
1217,Florida Congressional District 17,666904,169282,25.4,32430,4.9,48603,7.3,235988,35.4,267029,40,298750,44.8,329194,49.4,66706,10,3.9,6.87,8.02,7.28,7.3,2.73,337702,14411,23362,23035,25089,44405,45458,48405,77344,27693
1218,Florida Congressional District 18,344357,19281,5.6,8597,2.5,12195,3.5,80065,23.3,92715,26.9,117555,34.1,133191,38.7,60784,17.7,2.72,5.46,6.86,5.88,6.16,2.51,211158,13123,21118,8789,19230,28309,17980,13805,8707,2138
1219,Florida Congressional District 19,446531,183019,41,20267,4.5,29426,6.6,227924,51,247440,55.4,285482,63.9,309468,69.3,44905,10.1,5.03,6.82,7.85,7.17,7.44,3.35,137062,11728,20599,21198,22100,42708,54649,51548,71762,13177
1220,Florida Congressional District 20,199114,31244,15.7,1922,1,2411,1.2,57603,28.9,65793,33,94426,47.4,103354,51.9,26359,13.2,3.1,5.05,6.4,5.34,4.34,2.87,95752,8948,19152,10448,15184,29104,11673,6793,1887,173
1221,Florida Congressional District 21,231355,12463,5.4,1425,0.6,2772,1.2,68971,29.8,76840,33.2,108775,47,118217,51.1,56508,24.4,3.15,5.2,6.52,5.47,6.55,2.94,113063,8656,22979,10115,15742,33838,13676,9309,3555,422
1222,Florida Congressional District 22,217898,47342,21.7,2794,1.3,4667,2.1,66720,30.6,77148,35.4,107723,49.4,120770,55.4,19378,8.9,3.3,5.15,6.61,5.51,5.2,2.77,97116,11850,21680,11394,16621,30982,13250,10057,4475,473
1223,Florida Congressional District 23,196473,40181,20.5,3833,2,6990,3.6,62523,31.8,68111,34.7,88509,45,96052,48.9,22342,11.4,3.29,5.68,6.93,5.97,5.42,2.73,100400,6925,14289,7569,11425,21579,13059,11848,8344,1035
1224,Florida Congressional District 24,159602,57934,36.3,1513,0.9,3150,2,59604,37.3,68767,43.1,90381,56.6,101330,63.5,1670,1,3.64,5.16,6.46,5.52,5.22,2.74,58267,9586,16683,8896,16156,29331,9843,5422,4785,633
1225,Florida Congressional District 25,251085,148075,59,22066,8.8,25009,10,101234,40.3,110282,43.9,139200,55.4,148069,59,-46841,-18.7,3.81,5.77,6.86,6,4.58,2.71,103011,9687,18435,11760,20052,33417,22095,18184,12563,1881
1226,Florida Congressional District 26,268037,171407,63.9,48478,18.1,58400,21.8,134475,50.2,147978,55.2,172329,64.3,181692,67.8,-36932,-13.8,5.02,6.93,8.03,7.18,6.15,3.01,86341,7766,14611,10668,14779,34097,18313,14523,35631,31308
1227,Florida Congressional District 27,147417,51883,35.2,7554,5.1,11224,7.6,65762,44.6,74581,50.6,90623,61.5,96741,65.6,13879,9.4,4.24,5.93,7.01,6.18,6.5,3.01,50676,5039,10716,7207,12175,27464,13089,6810,11261,2980
1301,Georgia Congressional District 1,356438,51460,14.4,14844,4.2,18553,5.2,82773,23.2,100091,28.1,119419,33.5,135963,38.1,31313,8.8,2.99,6.21,7.6,6.71,6.51,2.38,220475,8822,12678,10681,15753,23144,20479,23532,12200,8674
1302,Georgia Congressional District 2,339022,17100,5,7957,2.3,8650,2.6,33198,9.8,35127,10.4,44000,13,46807,13.8,16098,4.7,1.73,6.3,7.49,6.56,5.28,1.54,292211,2903,5303,2949,4501,8031,6008,7298,8107,1711
1303,Georgia Congressional District 3,335195,6350,1.9,5157,1.5,5532,1.7,19530,5.8,20341,6.1,23603,7,24493,7.3,13180,3.9,1.43,6.94,7.77,7.11,4.96,1.37,310682,612,1869,1296,1906,3469,3274,5013,5985,1089
1304,Georgia Congressional District 4,253500,4163,1.6,1328,0.5,1449,0.6,14292,5.6,15223,6,17873,7.1,18746,7.4,10129,4,1.43,6.78,7.69,6.99,5.94,1.35,234748,468,1564,1110,1390,3066,2742,3737,4040,635
1305,Georgia Congressional District 5,228219,4456,2,542,0.2,592,0.3,18102,7.9,19201,8.4,22756,10,23823,10.4,13646,6,1.61,6.84,7.71,7.03,6.7,1.51,204389,401,1654,1610,1818,4180,3692,4394,5130,951
1306,Georgia Congressional District 6,227311,3791,1.7,996,0.4,1044,0.5,16586,7.3,17966,7.9,21239,9.3,22391,9.9,12795,5.6,1.57,6.8,7.71,7.01,6.34,1.49,204918,454,1576,1478,1853,3991,3392,3936,4882,831
1307,Georgia Congressional District 7,265714,3291,1.2,1064,0.4,1120,0.4,16252,6.1,17209,6.5,20123,7.6,21157,8,12961,4.9,1.46,6.78,7.65,6.99,4.37,1.43,244555,525,1641,1261,1724,3348,3115,4433,4639,473
1308,Georgia Congressional District 8,350842,12199,3.5,6766,1.9,7423,2.1,21520,6.1,22678,6.5,26153,7.5,27430,7.8,9321,2.7,1.44,6.65,7.55,6.87,4.98,1.31,323407,1282,2408,973,2921,4103,3800,5458,5598,892
1309,Georgia Congressional District 9,442587,9111,2.1,18014,4.1,18940,4.3,35165,7.9,36234,8.2,40503,9.2,41605,9.4,26054,5.9,1.64,7.83,8.53,7.97,7.24,1.52,400971,530,1913,1850,2098,3808,3612,6215,12461,9129
1310,Georgia Congressional District 10,374564,8448,2.3,7868,2.1,8614,2.3,23819,6.4,24799,6.6,28986,7.7,29997,8,15371,4.1,1.48,7.01,7.9,7.17,5.45,1.39,344560,1034,2181,1592,2419,3878,3501,5545,7401,2453
1311,Georgia Congressional District 11,274823,4038,1.5,2918,1.1,3200,1.2,20434,7.4,21688,7.9,25127,9.1,26291,9.6,16396,6,1.56,6.87,7.7,7.06,5.56,1.5,248530,680,1831,1345,2371,4357,3672,5008,5717,1312
1312,Georgia Congressional District 12,351962,12988,3.7,7120,2,7783,2.2,26363,7.5,28060,8,33872,9.6,35640,10.1,13375,3.8,1.55,6.45,7.48,6.67,5.53,1.4,316318,1645,3538,2020,3602,6191,4504,6632,6850,662
1313,Georgia Congressional District 13,281879,4797,1.7,1188,0.4,1360,0.5,17146,6.1,18212,6.5,21485,7.6,22554,8,12349,4.4,1.45,6.65,7.55,6.85,5.18,1.39,259320,654,1913,1316,1937,3982,3329,4567,4358,503
1314,Georgia Congressional District 14,330183,11316,3.4,9832,3,10893,3.3,33913,10.3,35401,10.7,42608,12.9,44096,13.4,22597,6.8,1.78,6.87,7.81,7.03,5.47,1.65,286057,1368,3695,2392,3806,5777,5846,8640,10181,2421
1501,Hawaii Congressional District 1,113259,3613,3.2,5776,5.1,5879,5.2,22955,20.3,23300,20.6,30133,26.6,30574,27,19342,17.1,2.54,6.71,7.7,6.78,7.45,2.32,82682,569,2593,3100,2573,4812,3519,5400,5695,2316
1502,Hawaii Congressional District 2,267576,8532,3.2,36997,13.8,37408,14,76447,28.6,76754,28.7,92451,34.6,92798,34.7,67915,25.4,3.15,7.2,7.95,7.22,6.08,3.12,174766,447,6485,7571,6095,9769,10684,19406,24907,7446
1901,Iowa Congressional District 1,534240,36267,6.8,26348,4.9,26638,5,70268,13.2,70769,13.2,93825,17.6,94383,17.7,34001,6.4,2.02,6.76,7.79,6.79,6.4,1.68,439804,1828,8929,8161,7574,16098,9770,14327,19376,8373
1902,Iowa Congressional District 2,573085,38106,6.6,29091,5.1,29508,5.1,70888,12.4,71027,12.4,92068,16.1,92396,16.1,32782,5.7,1.98,7.06,7.98,7.08,6.98,1.6,480625,1339,6837,6184,7504,14637,9122,15075,22925,8837
1903,Iowa Congressional District 3,539760,30573,5.7,18228,3.4,18403,3.4,62462,11.6,62296,11.5,85417,15.8,85384,15.8,31889,5.9,1.88,6.53,7.55,6.55,6.34,1.61,454083,921,9767,7686,6559,18222,9849,12810,14312,5551
1904,Iowa Congressional District 4,779647,44206,5.7,37516,4.8,37322,4.8,110323,14.2,109857,14.1,140116,18,139741,17.9,66117,8.5,2.02,6.65,7.5,6.66,5.87,1.77,639338,2100,14054,10908,11819,24350,18007,26223,26487,6361
1601,Idaho Congressional District 1,538074,21535,4,25441,4.7,27021,5,84114,15.6,89076,16.6,119213,22.2,124791,23.2,62579,11.6,2.23,6.28,7.59,6.48,5.95,2.08,413271,6905,12920,13640,12763,22853,11888,13606,18068,12160
1602,Idaho Congressional District 2,498536,16186,3.2,11782,2.4,13731,2.8,74651,15,81667,16.4,124927,25.1,132868,26.7,58465,11.7,2.18,5.43,6.99,5.64,5.2,2.08,365656,12446,19443,18586,18463,24898,11487,11543,10548,5466
1701,Illinois Congressional District 1,238042,4027,1.7,289,0.1,298,0.1,32685,13.7,34383,14.4,50200,21.1,52099,21.9,28658,12,1.94,5.28,6.4,5.4,4.63,1.89,185939,2138,9805,5487,7099,15973,6086,4087,1320,108
1702,Illinois Congressional District 2,290759,11470,3.9,2367,0.8,2580,0.9,37275,12.8,39093,13.4,60629,20.9,64599,22.2,25805,8.9,1.94,5.21,6.66,5.41,4.61,1.83,226148,4869,13417,7179,7361,14903,6998,6534,3046,304
1703,Illinois Congressional District 3,234879,3255,1.4,241,0.1,252,0.1,26294,11.2,27665,11.8,41581,17.7,43288,18.4,23039,9.8,1.8,5.35,6.59,5.49,4.96,1.76,191582,1659,8507,4747,5349,12242,4486,4478,1685,144
1704,Illinois Congressional District 4,146330,1892,1.3,869,0.6,962,0.7,34817,23.8,37324,25.5,55960,38.2,58585,40,32925,22.5,2.7,5.24,6.51,5.39,6.89,2.64,87741,3108,11352,6572,7235,17046,6323,4782,1977,194
1705,Illinois Congressional District 5,175309,2252,1.3,348,0.2,406,0.2,23651,13.5,25010,14.3,40147,22.9,42501,24.2,21399,12.2,2.02,5.19,6.61,5.37,5.44,1.97,132802,3009,8428,4672,5766,10504,4426,3782,1697,223
1706,Illinois Congressional District 6,249469,6736,2.7,3091,1.2,3160,1.3,19165,7.7,20042,8,28921,11.6,29859,12,12429,5,1.58,5.82,7.07,5.94,6.12,1.45,219598,815,4850,3385,2919,8034,3111,2563,2864,1330
1707,Illinois Congressional District 7,166110,1919,1.2,33,0,46,0,25919,15.6,27710,16.7,43342,26.1,45540,27.4,24000,14.4,2.14,5.17,6.53,5.32,3.25,2.13,120567,2339,10093,5048,6073,11978,4322,3583,2027,80
1708,Illinois Congressional District 8,187397,2936,1.6,847,0.5,873,0.5,12106,6.5,12898,6.9,20618,11,21502,11.5,9170,4.9,1.5,5.31,6.71,5.45,5.99,1.42,165889,944,4186,2975,2462,5891,2065,1394,1228,363
1709,Illinois Congressional District 9,177937,2326,1.3,210,0.1,217,0.1,18410,10.3,19920,11.2,36128,20.3,37976,21.3,16084,9,1.84,4.93,6.38,5.08,5.94,1.78,139961,2435,7598,5841,6567,9256,3278,2240,679,82
1710,Illinois Congressional District 10,221277,9930,4.5,1307,0.6,1404,0.6,16277,7.4,17117,7.7,25273,11.4,26196,11.8,6347,2.9,1.53,5.48,6.72,5.6,4.66,1.38,195080,1343,4275,2906,3407,6743,3079,2707,1531,206
1711,Illinois Congressional District 11,222440,6411,2.9,3033,1.4,3110,1.4,17258,7.8,17946,8.1,26405,11.9,27133,12.2,10847,4.9,1.58,5.75,7.05,5.85,6.49,1.43,195306,954,4514,3278,2880,6767,2596,2689,1769,1687
1712,Illinois Congressional District 12,442791,36355,8.2,11475,2.6,12094,2.7,47074,10.6,49052,11.1,67418,15.2,69764,15.8,10719,2.4,1.83,6.3,7.52,6.44,4.7,1.58,373026,2348,9256,5769,5752,13857,7904,10407,11260,3212
1713,Illinois Congressional District 13,356814,7386,2.1,7472,2.1,7726,2.2,24511,6.9,25356,7.1,33764,9.5,34581,9.7,17125,4.8,1.51,6.3,7.45,6.4,5.71,1.41,322231,934,4981,2754,3363,6529,3650,4600,5984,1788
1714,Illinois Congressional District 14,328201,14547,4.4,3621,1.1,3771,1.1,25867,7.9,26717,8.1,37890,11.5,38760,11.8,11320,3.4,1.57,5.86,7.03,5.94,4.79,1.42,289434,1056,6085,4208,3965,8941,4531,5650,3858,473
1715,Illinois Congressional District 15,570862,35967,6.3,25584,4.5,26564,4.7,63293,11.1,64663,11.3,78009,13.7,79514,13.9,27326,4.8,1.82,6.9,7.77,6.99,5.52,1.54,491343,2199,6707,4462,6401,11183,9923,14939,18564,5141
1716,Illinois Congressional District 16,395298,19611,5,10993,2.8,11322,2.9,40338,10.2,41503,10.5,57630,14.6,58998,14.9,20727,5.2,1.77,6.16,7.42,6.26,5.47,1.57,336294,2320,8371,5753,5828,10428,6643,8005,8063,3593
1717,Illinois Congressional District 17,393489,18210,4.6,10401,2.6,10654,2.7,36580,9.3,37125,9.4,53238,13.5,53666,13.6,18370,4.7,1.75,6.47,7.59,6.51,6.23,1.52,339787,1233,5265,4913,4903,12280,5699,6768,9107,3534
1718,Illinois Congressional District 18,444447,17746,4,13178,3,13422,3,36613,8.2,37047,8.3,48839,11,49415,11.1,18867,4.2,1.63,6.67,7.7,6.72,5.14,1.43,395006,1186,5158,3788,4260,8094,5469,8020,10159,3307
1801,Indiana Congressional District 1,347989,12934,3.7,2316,0.7,2559,0.7,40313,11.6,42380,12.2,65084,18.7,67828,19.5,27379,7.9,1.86,5.4,6.73,5.54,4.26,1.76,280151,4297,11760,7269,9288,16164,7417,7556,3504,583
1802,Indiana Congressional District 2,388928,13242,3.4,9512,2.4,9727,2.5,41135,10.6,42706,11,59281,15.2,60801,15.6,27893,7.2,1.81,6.19,7.47,6.3,5.54,1.68,328057,2654,8239,5852,6018,12089,5700,6839,8468,5012
1803,Indiana Congressional District 3,407459,19044,4.7,5576,1.4,5811,1.4,29632,7.3,30681,7.5,47381,11.6,48360,11.9,10588,2.6,1.56,5.76,7.01,5.83,4.4,1.42,359087,2361,6767,4835,5989,12243,5125,5417,4914,721
1804,Indiana Congressional District 4,416009,14949,3.6,16037,3.9,16440,4,42354,10.2,43697,10.5,55489,13.3,57018,13.7,27405,6.6,1.77,6.63,7.73,6.75,6.36,1.6,358985,1930,6552,4263,5141,9480,5900,7098,9573,7087
1805,Indiana Congressional District 5,368206,14449,3.9,5018,1.4,5182,1.4,23337,6.3,24514,6.7,38966,10.6,40311,10.9,8888,2.4,1.52,5.72,7.17,5.83,5.73,1.34,327894,1973,5905,4847,5793,8506,3968,3740,4110,1470
1806,Indiana Congressional District 6,418147,21166,5.1,12719,3,13222,3.2,33593,8,35036,8.4,47715,11.4,49004,11.7,12427,3,1.64,6.45,7.73,6.57,5.44,1.44,369138,2149,5752,3884,4846,8120,4859,6545,8719,4135
1807,Indiana Congressional District 7,274164,9895,3.6,1477,0.5,1494,0.5,14620,5.3,15231,5.6,27927,10.2,28572,10.4,4725,1.7,1.46,5.42,6.86,5.5,3.41,1.38,245576,1218,5146,3542,3663,7614,3026,2242,1522,615
1808,Indiana Congressional District 8,485794,36297,7.5,17227,3.5,18014,3.7,54202,11.2,56315,11.6,73818,15.2,75811,15.6,17905,3.7,1.86,6.5,7.64,6.62,5.67,1.56,409975,2880,8545,5560,6858,14110,7609,10448,14726,5083
1809,Indiana Congressional District 9,405356,22153,5.5,13615,3.4,14053,3.5,36535,9,37633,9.3,46192,11.4,47212,11.6,14382,3.5,1.68,6.88,7.83,6.97,5.37,1.47,358133,1114,4413,3125,3494,7742,5083,7414,10478,4360
2001,Kansas Congressional District 1,525434,30458,5.8,16998,3.2,17004,3.2,55908,10.6,55659,10.6,80725,15.4,80679,15.4,25450,4.8,1.77,5.98,7.21,6.01,4.08,1.55,444085,3649,12575,8321,8037,15092,8847,10807,11107,2914
2002,Kansas Congressional District 2,412304,25932,6.3,10430,2.5,10621,2.6,32592,7.9,33173,8,44877,10.9,45414,11,6660,1.6,1.61,6.53,7.59,6.58,5.06,1.36,366885,1096,4432,3826,4823,8739,4652,6752,8224,2875
2003,Kansas Congressional District 3,312955,3675,1.2,1863,0.6,1895,0.6,21069,6.7,21331,6.8,29394,9.4,29682,9.5,17394,5.6,1.49,6.18,7.18,6.22,5.95,1.43,283264,309,3568,2999,2754,7961,3657,3823,3610,1010
2004,Kansas Congressional District 4,382755,16353,4.3,5856,1.5,5979,1.6,29523,7.7,30176,7.9,47593,12.4,48527,12.7,13170,3.4,1.58,5.54,6.91,5.61,4.19,1.4,334221,1829,9267,6371,5427,11027,4435,4970,4273,935
2101,Kentucky Congressional District 1,462739,22857,4.9,18134,3.9,18948,4.1,44760,9.7,45883,9.9,55134,11.9,56872,12.3,21903,4.7,1.74,6.99,7.92,7.14,5.3,1.52,405862,1945,4584,3182,4214,7113,6366,10561,14522,4390
2102,Kentucky Congressional District 2,349627,16584,4.7,10081,2.9,10598,3,27918,8,29218,8.4,36669,10.5,37933,10.8,11334,3.2,1.63,6.77,7.88,6.92,3.97,1.51,311690,1360,3650,2736,3125,5713,3976,5750,7908,3719
2103,Kentucky Congressional District 3,276121,9784,3.5,682,0.2,736,0.3,20736,7.5,22569,8.2,32703,11.8,34348,12.4,10952,4,1.56,5.51,6.76,5.67,4.47,1.45,241767,1541,5674,3750,3774,10416,3825,2832,2154,388
2104,Kentucky Congressional District 4,330004,11613,3.5,12562,3.8,13114,4,36897,11.2,37979,11.5,47400,14.4,48506,14.7,25284,7.7,1.92,7.29,8.29,7.4,7.82,1.69,281492,1024,3140,2985,3459,6134,5277,6922,11785,7786
2105,Kentucky Congressional District 5,311309,25803,8.3,61544,19.8,64065,20.6,93707,30.1,95087,30.5,104078,33.4,105245,33.8,67904,21.8,3.53,8.48,9.01,8.55,7.82,3.14,206020,952,2967,3210,3807,6310,5981,10356,28998,42708
2106,Kentucky Congressional District 6,298690,7684,2.6,7698,2.6,8069,2.7,25840,8.7,26789,9,32543,10.9,33448,11.2,18156,6.1,1.66,6.85,7.75,6.97,6.39,1.53,265225,679,2844,2200,2475,6364,3994,5180,6758,2971
2201,Louisiana Congressional District 1,320392,124503,38.9,16778,5.2,23457,7.3,120232,37.5,237393,74.1,250065,78,260936,81.4,-4271,-1.3,6.48,7.73,8.32,7.94,8.04,5.45,59455,5333,9268,6514,7369,16208,24847,96841,76710,17847
2202,Louisiana Congressional District 2,330774,74892,22.6,4813,1.5,6778,2,97052,29.3,245364,74.2,266704,80.6,268988,81.3,22160,6.7,6.48,7.74,8.25,7.79,7.98,6.08,61783,1968,4913,5417,8465,15337,23903,142751,63429,2808
2203,Louisiana Congressional District 3,478018,127587,26.7,30459,6.4,35460,7.4,154141,32.2,189739,39.7,226304,47.3,259492,54.3,26554,5.6,3.91,6.36,7.64,6.79,6.23,2.87,218524,12672,25805,22824,27486,45455,28402,44843,32669,19338
2204,Louisiana Congressional District 4,453519,48662,10.7,17737,3.9,18478,4.1,55979,12.3,58216,12.8,76031,16.8,79309,17.5,7317,1.6,1.92,6.27,7.45,6.44,4.12,1.59,374207,3727,9777,6435,7128,14748,8301,12453,14529,2214
2205,Louisiana Congressional District 5,431152,64023,14.8,17869,4.1,19136,4.4,65867,15.3,69291,16.1,88222,20.5,91879,21.3,1844,0.4,2.12,6.24,7.35,6.41,3.98,1.76,339265,3574,11873,6574,8655,18568,10899,14735,14433,2576
2206,Louisiana Congressional District 6,351271,115955,33,17601,5,19422,5.5,85767,24.4,99545,28.3,158673,45.2,171129,48.7,-30188,-8.6,3.48,6.1,7.65,6.33,5.13,2.58,180142,8256,16024,17834,23142,36792,19435,24390,12833,12423
2501,Massachusetts Congressional District 1,296567,7665,2.6,12248,4.1,13007,4.4,33176,11.2,34620,11.7,46723,15.8,48320,16.3,25511,8.6,1.93,6.71,7.87,6.85,6.37,1.81,248236,1224,3919,4512,4317,8858,5689,6053,8748,5011
2502,Massachusetts Congressional District 2,265808,5090,1.9,7217,2.7,7760,2.9,26408,9.9,27669,10.4,35539,13.4,36792,13.8,21318,8,1.77,6.59,7.64,6.74,6.22,1.68,228995,884,3091,3435,3315,7242,4508,5326,6476,2536
2503,Massachusetts Congressional District 3,222773,5906,2.7,8946,4,9593,4.3,26099,11.7,27488,12.3,34398,15.4,35970,16.1,20193,9.1,1.92,6.72,7.87,6.92,6.81,1.78,186799,1413,3136,3107,3033,6145,3723,4412,6388,4617
2504,Massachusetts Congressional District 4,239282,8884,3.7,2706,1.1,3042,1.3,20443,8.5,21657,9.1,29366,12.3,30674,12.8,11559,4.8,1.64,6.03,7.18,6.19,4.96,1.51,208604,1042,3404,3616,3058,7148,3982,4215,3652,561
2505,Massachusetts Congressional District 5,198180,8182,4.1,3637,1.8,4565,2.3,24042,12.1,26094,13.2,35705,18,37627,19,15860,8,1.96,6.03,7.24,6.22,6.71,1.75,160549,1230,3869,4878,3741,9410,5067,3854,3883,1699
2506,Massachusetts Congressional District 6,239919,16513,6.9,7769,3.2,9217,3.8,28573,11.9,30752,12.8,39476,16.5,41656,17.4,12060,5,1.94,6.44,7.64,6.66,6.67,1.59,198238,1428,3948,4388,3814,9002,4867,4322,4873,5039
2507,Massachusetts Congressional District 7,112866,2336,2.1,868,0.8,1242,1.1,13810,12.2,17057,15.1,25501,22.6,27900,24.7,11474,10.2,2.12,5.54,6.85,5.76,5.94,2.04,84961,922,3257,4457,3428,8120,4640,1617,864,600
2508,Massachusetts Congressional District 8,218651,15006,6.9,5752,2.6,7238,3.3,24698,11.3,27609,12.6,35526,16.2,37764,17.3,9692,4.4,1.91,6.28,7.5,6.51,6.79,1.54,180876,1253,3471,4290,3712,9055,4929,3658,3672,3735
2509,Massachusetts Congressional District 9,387914,45414,11.7,13540,3.5,16742,4.3,41898,10.8,47426,12.2,60521,15.6,66702,17.2,-3516,-0.9,1.92,6.35,7.84,6.74,5.14,1.48,321204,3387,6886,7262,6589,12157,7002,6652,8561,8214
2401,Maryland Congressional District 1,376870,31415,8.3,26301,7,33247,8.8,50589,13.4,56811,15.1,61227,16.2,67940,18,19174,5.1,2.11,7.15,8.34,7.63,7.85,1.57,308925,2955,5870,3542,5672,7781,5867,7734,15149,13375
2402,Maryland Congressional District 2,251116,5512,2.2,3194,1.3,4048,1.6,12842,5.1,14455,5.8,16765,6.7,18539,7.4,7330,2.9,1.4,6.4,7.63,6.81,7.39,1.25,232570,908,1996,1371,1782,3879,1979,2135,2704,1792
2403,Maryland Congressional District 3,241303,2331,1,1621,0.7,2141,0.9,11648,4.8,12841,5.3,15465,6.4,16747,6.9,9317,3.9,1.37,6.26,7.36,6.56,6.82,1.3,224552,602,1873,1352,1462,4257,2004,1988,2311,902
2404,Maryland Congressional District 4,220627,2765,1.3,1294,0.6,1510,0.7,12885,5.8,13623,6.2,16851,7.6,17612,8,10120,4.6,1.44,6.5,7.47,6.68,6.16,1.36,203013,450,1555,1411,1549,3782,2534,2811,2641,881
2405,Maryland Congressional District 5,302807,7482,2.5,6571,2.2,8088,2.7,19528,6.4,21835,7.2,24855,8.2,27835,9.2,12046,4,1.52,6.67,7.95,7.15,6.96,1.37,274969,1492,2716,1959,2377,4199,2936,3745,5078,3336
2406,Maryland Congressional District 6,297237,4006,1.3,7706,2.6,8040,2.7,20864,7,21533,7.2,25619,8.6,26410,8.9,16858,5.7,1.55,7.13,8.03,7.28,7.25,1.44,270808,488,2049,1733,1721,3892,2867,4010,6321,3348
2407,Maryland Congressional District 7,258457,1731,0.7,1571,0.6,1642,0.6,10486,4.1,11155,4.3,13931,5.4,14575,5.6,8755,3.4,1.3,6.37,7.38,6.54,7.05,1.24,243879,345,1617,1147,1223,3786,1774,1726,1988,972
2408,Maryland Congressional District 8,243950,1554,0.6,2780,1.1,2971,1.2,12866,5.3,13447,5.5,16161,6.6,16877,6.9,11312,4.6,1.4,6.81,7.72,6.99,6.15,1.33,227071,299,1392,1190,1272,3177,2164,2706,3635,1044
2301,Maine Congressional District 1,348532,15961,4.6,13419,3.9,15015,4.3,31338,9,33340,9.6,40156,11.5,42458,12.2,15377,4.4,1.71,6.87,8.01,7.12,4.9,1.55,306065,1801,3395,3526,3321,6395,4091,5514,8227,6197
2302,Maine Congressional District 2,338858,15116,4.5,20483,6,22215,6.6,40997,12.1,42830,12.6,51759,15.3,53706,15.8,25881,7.6,1.96,7.06,8.11,7.24,5.64,1.77,285135,1931,4038,4008,4004,6818,5085,7633,12536,7670
2601,Michigan Congressional District 1,600363,14754,2.5,17020,2.8,17456,2.9,60412,10.1,61805,10.3,79056,13.2,80505,13.4,45658,7.6,1.72,6.39,7.4,6.47,3.83,1.63,519831,3304,9210,6205,7925,13276,10355,12434,13644,4179
2602,Michigan Congressional District 2,337169,5977,1.8,4930,1.5,5004,1.5,29286,8.7,30033,8.9,43657,12.9,44453,13.2,23309,6.9,1.65,5.9,7.12,5.97,5.62,1.57,292677,1264,6701,5168,4973,9808,4738,5689,4643,1508
2603,Michigan Congressional District 3,287499,5967,2.1,6014,2.1,6172,2.1,26308,9.2,27013,9.4,36993,12.9,37513,13,20341,7.1,1.69,6.29,7.32,6.35,5.47,1.61,249934,1133,3929,2921,4219,9003,4559,4856,4673,2272
2604,Michigan Congressional District 4,419096,8745,2.1,9180,2.2,9449,2.3,38328,9.1,39019,9.3,52732,12.6,53470,12.8,29583,7.1,1.66,6.15,7.26,6.21,4.33,1.6,365619,2036,7264,4904,5718,10024,6456,7221,6754,3100
2605,Michigan Congressional District 5,324916,13913,4.3,1634,0.5,1686,0.5,18056,5.6,18453,5.7,31507,9.7,31939,9.8,4143,1.3,1.41,5.2,6.58,5.25,2.89,1.34,292965,1281,7003,4619,3606,8747,2486,2070,1675,464
2606,Michigan Congressional District 6,367741,7897,2.1,5265,1.4,5513,1.5,30857,8.4,31968,8.7,43352,11.8,44365,12.1,22960,6.2,1.61,6.08,7.19,6.17,4.87,1.54,323359,1436,5975,4234,4385,9891,5356,5915,5832,1358
2607,Michigan Congressional District 7,337878,15327,4.5,5863,1.7,6031,1.8,29149,8.6,30286,9,43617,12.9,44857,13.3,13822,4.1,1.64,5.81,7.08,5.91,3.98,1.53,293011,2175,6957,4700,4827,9708,5045,5249,5134,1072
2608,Michigan Congressional District 8,278059,7456,2.7,2769,1,2807,1,17763,6.4,18374,6.6,26922,9.7,27481,9.9,10307,3.7,1.47,5.8,6.99,5.88,4.55,1.38,250572,786,4111,3232,2780,7309,3043,3009,2574,643
2609,Michigan Congressional District 9,253880,1621,0.6,3129,1.2,3162,1.2,17986,7.1,19923,7.8,39524,15.6,41225,16.2,16365,6.4,1.6,4.7,6.36,4.81,4.2,1.58,212651,2935,11163,6955,5788,8636,2069,1955,1584,144
2610,Michigan Congressional District 10,307849,14525,4.7,4018,1.3,4147,1.3,23932,7.8,25096,8.2,45053,14.6,46186,15,9407,3.1,1.64,5.24,6.79,5.32,2.72,1.58,261619,2672,8800,6766,7360,9479,3780,3629,2998,746
2611,Michigan Congressional District 11,239147,3654,1.5,1253,0.5,1269,0.5,11439,4.8,12008,5,19419,8.1,20218,8.5,7785,3.3,1.36,5.25,6.64,5.37,4.37,1.31,218928,1205,3980,2589,2333,5208,2118,1594,1046,146
2612,Michigan Congressional District 12,242164,13345,5.5,2451,1,2489,1,17243,7.1,18532,7.7,31492,13,32882,13.6,3898,1.6,1.52,4.85,6.37,4.97,3,1.44,209275,3821,7110,4334,4941,6542,2594,1618,1046,883
2613,Michigan Congressional District 13,342262,2991,0.9,2088,0.6,2145,0.6,15939,4.7,17615,5.1,32663,9.5,34708,10.1,12948,3.8,1.38,4.72,6.48,4.89,4.15,1.35,307550,3747,8840,4884,4584,7472,1527,1405,1762,491
2614,Michigan Congressional District 14,297191,1711,0.6,380,0.1,390,0.1,18475,6.2,19686,6.6,37571,12.6,38940,13.1,16764,5.6,1.49,4.71,6.11,4.81,5.79,1.46,258231,3233,8228,6355,6672,10008,2598,1431,384,51
2701,Minnesota Congressional District 1,384802,10154,2.6,11941,3.1,12074,3.1,39811,10.3,40062,10.4,57469,14.9,57772,15,29657,7.7,1.82,6.46,7.57,6.49,5.75,1.71,326985,850,6562,5131,5356,12019,6541,8528,9447,3383
2702,Minnesota Congressional District 2,271838,4457,1.6,4726,1.7,4751,1.7,24154,8.9,24473,9,35437,13,35752,13.2,19697,7.2,1.67,6.12,7.31,6.15,5.84,1.6,236074,612,5303,3899,3036,8384,3958,4193,4362,2017
2703,Minnesota Congressional District 3,245934,4182,1.7,1807,0.7,1844,0.7,18518,7.5,18749,7.6,28867,11.7,29152,11.9,14336,5.8,1.57,5.77,7.02,5.8,3.86,1.52,216775,656,4677,3861,2795,7515,3267,3035,2341,1012
2704,Minnesota Congressional District 4,217937,2446,1.1,851,0.4,864,0.4,12917,5.9,13134,6,21986,10.1,22143,10.2,10471,4.8,1.46,5.49,6.73,5.52,5.28,1.41,195788,238,3957,3231,2433,6755,2422,1575,1196,342
2705,Minnesota Congressional District 5,192713,1180,0.6,834,0.4,840,0.4,12917,6.7,13142,6.8,21452,11.1,21687,11.3,11737,6.1,1.49,5.36,6.58,5.39,5.22,1.47,171023,357,4303,3174,2079,7042,2366,1094,807,468
2706,Minnesota Congressional District 6,307723,10380,3.4,5099,1.7,5230,1.7,25975,8.4,26488,8.6,37771,12.3,38216,12.4,15595,5.1,1.62,5.99,7.16,6.03,3.81,1.54,269503,1025,5840,4045,4123,8367,4400,4337,4044,2039
2707,Minnesota Congressional District 7,574325,20485,3.6,13810,2.4,14018,2.4,64095,11.2,64408,11.2,92373,16.1,92417,16.1,43610,7.6,1.79,5.87,7.04,5.92,3.82,1.7,480714,4576,14047,8954,10899,17729,11899,13316,10120,2071
2708,Minnesota Congressional District 8,768994,19810,2.6,23222,3,24164,3.1,82267,10.7,84034,10.9,107759,14,109762,14.3,62457,8.1,1.77,6.38,7.37,6.45,3.78,1.71,659207,3864,12565,8616,12223,16877,15373,17564,17540,5165
2901,Missouri Congressional District 1,287856,5198,1.8,531,0.2,638,0.2,18484,6.4,19420,6.7,26164,9.1,27032,9.4,13286,4.6,1.47,5.96,7.02,6.08,4.87,1.4,260819,697,3528,2683,2536,7426,3890,3243,2372,662
2902,Missouri Congressional District 2,281933,5050,1.8,1659,0.6,1754,0.6,19535,6.9,20387,7.2,26368,9.4,26970,9.6,14485,5.1,1.52,6.43,7.34,6.52,6.56,1.43,254946,391,2492,2234,2206,7098,4187,3519,3417,1443
2903,Missouri Congressional District 3,436956,24562,5.6,18045,4.1,18724,4.3,50139,11.5,51235,11.7,61121,14,62011,14.2,25577,5.9,1.9,7.33,8.14,7.41,6.74,1.6,374931,1024,3627,3527,4076,8387,6983,9502,16699,8200
2904,Missouri Congressional District 4,462677,18275,3.9,24336,5.3,24551,5.3,48591,10.5,48927,10.6,55889,12.1,56112,12.1,30316,6.6,1.81,7.68,8.29,7.71,6.43,1.62,406553,641,2817,2437,3008,5999,5400,9011,17282,9529
2905,Missouri Congressional District 5,341600,8126,2.4,2588,0.8,2608,0.8,22578,6.6,22635,6.6,29241,8.6,29304,8.6,14452,4.2,1.48,6.6,7.44,6.61,5.85,1.37,312260,200,2714,2533,2222,6723,3970,4500,5098,1380
2906,Missouri Congressional District 6,463137,30118,6.5,14965,3.2,15210,3.3,45820,9.9,45988,9.9,58012,12.5,58186,12.6,15702,3.4,1.76,7.03,7.83,7.05,6.19,1.45,404869,632,3933,3806,4223,10584,6644,10106,14084,4256
2907,Missouri Congressional District 7,408353,11825,2.9,11629,2.8,11775,2.9,28453,7,28932,7.1,34399,8.4,34897,8.5,16628,4.1,1.52,7.14,7.93,7.21,6.15,1.38,373449,468,2781,2049,2429,5186,3732,5790,8704,3765
2908,Missouri Congressional District 8,504027,50155,10,27740,5.5,28557,5.7,59527,11.8,61001,12.1,74075,14.7,75678,15,9372,1.9,1.91,7.06,7.97,7.17,4.39,1.64,428324,1837,6397,4289,5976,9599,7949,12601,20012,7043
2801,Mississippi Congressional District 1,462707,28252,6.1,20613,4.5,21767,4.7,50259,10.9,51736,11.2,60628,13.1,62154,13.4,22007,4.8,1.8,6.94,7.77,7.06,5.25,1.56,400551,2009,4928,3040,4530,8423,7706,13305,15098,3117
2802,Mississippi Congressional District 2,465729,67610,14.5,20390,4.4,21678,4.7,62491,13.4,65060,14,84691,18.2,88301,19,-5119,-1.1,2.03,6.42,7.58,6.6,3.93,1.68,377419,3612,9606,6557,9564,14491,10019,14788,14979,4694
2803,Mississippi Congressional District 3,495744,36166,7.3,28525,5.8,29858,6,59604,12,61796,12.5,70434,14.2,72490,14.6,23438,4.7,1.9,7.18,7.95,7.32,5.21,1.62,423244,1916,4939,3125,4834,9008,8056,15243,21205,4174
2804,Mississippi Congressional District 4,479694,111770,23.3,33263,6.9,41014,8.6,136045,28.4,151934,31.7,161795,33.7,180614,37.7,24275,5.1,3.32,7.16,8.21,7.64,7.64,1.95,299059,6683,11693,10294,11394,23082,25139,26142,39473,26735
3000,Montana Congressional District (at Large),892861,28951,3.2,31048,3.5,34938,3.9,136196,15.3,142315,15.9,192364,21.5,199230,22.3,107245,12,2.18,6.27,7.49,6.42,5.08,2.07,693608,9200,20192,22040,20936,38082,20630,23435,29932,14806
3701,North Carolina Congressional District 1,400941,15597,3.9,6941,1.7,7475,1.9,29442,7.3,31153,7.8,39435,9.8,41951,10.5,13845,3.5,1.55,6.25,7.41,6.49,4.76,1.42,358989,1821,5206,3283,4137,7586,5075,6765,6775,1304
3702,North Carolina Congressional District 2,420319,7305,1.7,5860,1.4,6298,1.5,22313,5.3,23334,5.6,27438,6.5,28497,6.8,15008,3.6,1.39,6.75,7.6,6.91,5.35,1.32,391820,738,2480,1627,2263,4836,3891,5649,6105,910
3703,North Carolina Congressional District 3,506533,126161,24.9,50874,10,68153,13.5,146965,29,172456,34,198542,39.2,226144,44.6,20804,4.1,3.57,6.75,8.15,7.28,7.37,2.28,280383,9403,19843,17316,19713,37518,26488,28035,33684,34150
3704,North Carolina Congressional District 4,274431,3491,1.3,2035,0.7,2167,0.8,15703,5.7,17022,6.2,19421,7.1,20211,7.4,12212,4.4,1.43,6.86,7.66,7.03,6.18,1.37,254215,359,1449,1064,1527,3674,3105,4060,4260,718
3705,North Carolina Congressional District 5,462324,7553,1.6,24753,5.4,25883,5.6,44633,9.7,45901,9.9,49497,10.7,50779,11,37080,8,1.79,8.19,8.75,8.33,8.06,1.65,411535,528,1773,1541,1951,3861,3896,6774,15537,14928
3706,North Carolina Congressional District 6,403459,4969,1.2,8175,2,8600,2.1,21081,5.2,22031,5.5,24092,6,24891,6.2,16112,4,1.4,7.42,8.05,7.57,6.42,1.33,378562,442,1274,874,1510,3136,2927,5158,7466,2110
3707,North Carolina Congressional District 7,542333,58339,10.8,25063,4.6,29868,5.5,91190,16.8,98148,18.1,116674,21.5,124855,23,32851,6.1,2.29,6.6,7.7,6.89,6.73,1.75,417474,4890,12768,8565,10462,21947,15149,19935,19594,11549
3708,North Carolina Congressional District 8,399632,6631,1.7,7173,1.8,7792,1.9,27117,6.8,28780,7.2,33862,8.5,35288,8.8,20486,5.1,1.51,6.78,7.69,6.96,5.99,1.43,364342,1001,2926,2058,2760,6104,4505,6676,7700,1560
3709,North Carolina Congressional District 9,390779,11894,3,6670,1.7,7248,1.9,34585,8.9,36832,9.4,45536,11.7,47619,12.2,22691,5.8,1.64,6.24,7.26,6.42,4.92,1.54,343143,1801,5525,3163,4967,9643,6715,8503,6330,989
3710,North Carolina Congressional District 10,431737,6558,1.5,11759,2.7,12718,2.9,31313,7.3,32717,7.6,36785,8.5,38182,8.8,24755,5.7,1.58,7.58,8.36,7.76,7.5,1.49,393550,744,2039,1721,2217,3953,3872,6001,11284,6356
3711,North Carolina Congressional District 11,558044,16056,2.9,56185,10.1,58582,10.5,90575,16.2,92917,16.7,100044,17.9,102265,18.3,74519,13.4,2.35,8.34,8.87,8.46,8.4,2.16,455756,900,3087,2886,3800,6558,6815,12760,32553,32929
3712,North Carolina Congressional District 12,286516,3328,1.2,672,0.2,950,0.3,16577,5.8,17797,6.2,20398,7.1,21459,7.5,13249,4.6,1.44,6.83,7.69,7.05,6.62,1.38,265054,633,1574,1043,1752,3618,3221,4325,4190,1106
3713,North Carolina Congressional District 13,373506,5592,1.5,4654,1.2,5080,1.4,19634,5.3,20713,5.5,23865,6.4,24975,6.7,14042,3.8,1.4,6.98,7.87,7.19,6.31,1.32,348529,815,1839,1274,1677,3763,3176,4590,6144,1699
3800,North Dakota Congressional District (at Large),678947,27828,4.1,15701,2.3,16394,2.4,69122,10.2,70665,10.4,102291,15.1,103927,15.3,41294,6.1,1.75,5.92,7.17,5.98,3.22,1.68,574988,4940,15473,10571,12948,17823,12392,13496,12987,3329
3101,Nebraska Congressional District 1,327391,26290,8,8747,2.7,8849,2.7,37561,11.5,37927,11.6,55252,16.9,55706,17,11271,3.4,1.83,5.85,7.03,5.88,4.57,1.56,271656,2887,7576,6604,6113,12172,5823,6225,6431,1904
3102,Nebraska Congressional District 2,245617,7911,3.2,1239,0.5,1247,0.5,13744,5.6,13765,5.6,20266,8.3,20292,8.3,5833,2.4,1.39,5.69,6.71,5.7,3.51,1.31,225292,229,3219,2486,1890,6955,2157,1702,1257,430
3103,Nebraska Congressional District 3,564690,36611,6.5,16609,2.9,16462,2.9,59537,10.5,58852,10.4,84207,14.9,83573,14.8,22926,4.1,1.76,6.08,7.27,6.1,3.86,1.61,479998,3911,12504,8006,8542,14856,9131,11369,12762,3611
3301,New Hampshire Congressional District 1,280075,13641,4.9,13183,4.7,14812,5.3,32695,11.7,34254,12.2,41218,14.7,42760,15.3,19054,6.8,1.91,6.96,7.96,7.13,5.86,1.7,237310,1307,3152,3299,3269,6641,4363,6216,9190,5328
3302,New Hampshire Congressional District 2,300491,12990,4.3,19098,6.4,19986,6.7,39463,13.1,40790,13.6,49880,16.6,51265,17.1,26473,8.8,2.04,7.09,8.08,7.22,6.18,1.84,249215,1258,3683,4065,3536,7119,4792,7534,13300,5989
3401,New Jersey Congressional District 1,286870,11484,4,1040,0.4,1749,0.6,16671,5.8,19397,6.8,31658,11,35734,12.5,5187,1.8,1.52,5.2,6.96,5.59,6.06,1.33,251136,3574,5724,4554,4831,8240,4019,2158,1960,674
3402,New Jersey Congressional District 2,510583,174623,34.2,74171,14.5,104945,20.6,143845,28.2,167302,32.8,171315,33.6,192801,37.8,-30778,-6,3.37,7.28,8.47,7.84,7.1,1.42,317781,9565,12386,9568,15456,21753,17938,20427,44220,41489
3403,New Jersey Congressional District 3,493215,72900,14.8,51508,10.4,60606,12.3,89941,18.2,96873,19.6,104517,21.2,111466,22.6,17041,3.5,2.5,7.62,8.58,7.94,7.93,1.54,381747,4229,6570,5587,6698,12937,8222,10756,20461,36008
3404,New Jersey Congressional District 4,314833,15570,4.9,7328,2.3,9530,3,22739,7.2,25155,8,31222,9.9,33774,10.7,7169,2.3,1.58,6.42,7.81,6.74,6.92,1.3,281055,1613,4098,2968,3119,6062,3189,3555,4839,4335
3405,New Jersey Congressional District 5,285810,9471,3.3,6413,2.2,6742,2.4,23623,8.3,24752,8.7,32227,11.3,33190,11.6,14152,5,1.63,6.43,7.57,6.55,6.14,1.47,252612,977,3967,2906,2656,6727,3830,4312,5324,2499
3406,New Jersey Congressional District 6,241540,20403,8.4,3958,1.6,7533,3.1,19318,8,22840,9.5,26413,10.9,29501,12.2,-1085,-0.4,1.65,6.3,7.64,6.73,6.19,1.23,212037,1460,3477,2179,3249,5732,3428,3350,3977,2651
3407,New Jersey Congressional District 7,275043,10431,3.8,6166,2.2,6476,2.4,21986,8,22911,8.3,28050,10.2,28916,10.5,11555,4.2,1.6,6.69,7.68,6.83,6.07,1.42,246121,855,2891,1902,2404,5513,3323,4223,4638,3173
3408,New Jersey Congressional District 8,144794,23107,16,807,0.6,1237,0.9,16168,11.2,22451,15.5,27300,18.9,33440,23.1,-6939,-4.8,1.99,5.28,6.82,5.84,3.86,1.64,111325,2777,5089,3432,4721,9387,4636,1492,1397,538
3409,New Jersey Congressional District 9,183751,11986,6.5,2648,1.4,3344,1.8,21271,11.6,22602,12.3,29353,16,30618,16.7,9285,5.1,1.87,6.23,7.39,6.4,5.61,1.59,153131,1208,3460,2820,2779,8301,3172,2293,3330,3257
3410,New Jersey Congressional District 10,162922,6388,3.9,400,0.2,442,0.3,12475,7.7,13258,8.1,19154,11.8,19911,12.2,6087,3.7,1.54,5.44,6.53,5.57,3.99,1.44,143010,651,3138,2262,2220,7063,2490,1241,679,168
3411,New Jersey Congressional District 11,264447,16625,6.3,3652,1.4,4053,1.5,23994,9.1,25071,9.5,32528,12.3,33637,12.7,7369,2.8,1.68,6.31,7.41,6.45,5.16,1.44,230794,1238,3721,3078,2882,6868,3949,5262,5587,1068
3412,New Jersey Congressional District 12,285480,14250,5,3233,1.1,3561,1.2,19331,6.8,20882,7.3,29064,10.2,30589,10.7,5081,1.8,1.52,5.86,7.18,6.05,5.13,1.33,254890,1598,4499,2779,3268,7700,3062,3150,3071,1463
3501,New Mexico Congressional District 1,305391,10359,3.4,1643,0.5,1864,0.6,24097,7.9,26148,8.6,69757,22.8,71800,23.5,13738,4.5,1.96,5.1,6.7,5.18,3.52,1.91,233582,2580,8565,11887,25324,12703,4389,3612,2222,527
3502,New Mexico Congressional District 2,712960,70361,9.9,11009,1.5,11380,1.6,86420,12.1,88567,12.4,141136,19.8,143703,20.2,16059,2.3,1.84,5.14,6.56,5.21,3.42,1.66,568385,16142,27719,16306,23586,22431,14155,11357,9017,3862
3503,New Mexico Congressional District 3,476891,16705,3.5,8553,1.8,8788,1.8,37517,7.9,38231,8,51291,10.8,52250,11,20812,4.4,1.58,6.3,7.39,6.39,4.3,1.48,424480,1848,6261,4204,5898,9817,6522,7218,7256,3387
3201,Nevada Congressional District 1,172515,169,0.1,0,0,0,0,4660,2.7,6284,3.6,17113,9.9,19346,11.2,4491,2.6,1.34,4.03,6.04,4.27,5.2,1.34,153159,2448,6430,3777,2528,3406,490,224,52,1
3202,Nevada Congressional District 2,359619,13642,3.8,310,0.1,370,0.1,31651,8.8,33834,9.4,57231,15.9,59949,16.7,18009,5,1.66,4.93,6.39,5.07,3.7,1.57,299579,4446,14041,8890,8184,12946,4566,4200,2246,521
3203,Nevada Congressional District 3,334659,989,0.3,101,0,125,0,23044,6.9,25530,7.6,46588,13.9,50594,15.1,22055,6.6,1.59,4.87,6.46,5.08,3.45,1.58,284038,2608,12619,8170,6409,12712,4063,2619,1258,163
3204,Nevada Congressional District 4,342190,26366,7.7,1021,0.3,1117,0.3,25699,7.5,28213,8.2,55125,16.1,58999,17.2,-667,-0.2,1.63,4.66,6.32,4.83,2.24,1.58,283128,4792,15614,9929,8165,12390,3681,2750,1399,342
3601,New York Congressional District 1,329445,21173,6.4,10707,3.3,13789,4.2,37282,11.3,42538,12.9,52452,15.9,57470,17.4,16109,4.9,1.93,6.35,7.71,6.7,6.93,1.59,271971,2746,5555,6040,5815,11352,6158,6060,7735,6013
3602,New York Congressional District 2,222364,18728,8.4,12762,5.7,16194,7.3,29790,13.4,34333,15.4,43071,19.4,47819,21.5,11062,5,2.14,6.31,7.92,6.71,8.32,1.57,174539,2476,6001,5595,4453,8964,3501,3078,6524,7233
3603,New York Congressional District 3,224368,3879,1.7,2101,0.9,2692,1.2,20531,9.2,22105,9.9,30914,13.8,32329,14.4,16652,7.4,1.71,5.9,7.09,6.06,6.76,1.62,192037,895,3740,4435,3340,8862,3957,2838,2865,1399
3604,New York Congressional District 4,210332,35773,17,5185,2.5,10187,4.8,24594,11.7,33523,15.9,39935,19,50475,24,-11179,-5.3,2.07,5.44,7.3,6.13,5.18,1.43,159855,4530,7372,7287,6131,10339,4525,3739,5322,1232
3605,New York Congressional District 5,137998,8606,6.2,6951,5,8232,6,20400,14.8,23702,17.2,31148,22.6,33932,24.6,11794,8.5,2.23,5.99,7.44,6.27,7.46,1.88,104065,1270,4378,4902,3363,9552,2027,1069,2756,4616
3606,New York Congressional District 6,98867,209,0.2,33,0,40,0,8208,8.3,8806,8.9,13440,13.6,14005,14.2,7999,8.1,1.62,5.37,6.56,5.51,3.51,1.62,84862,490,1965,2301,1344,4111,2790,819,168,17
3607,New York Congressional District 7,64838,860,1.3,151,0.2,236,0.4,3444,5.3,3837,5.9,6077,9.4,6440,9.9,2584,4,1.42,5.28,6.64,5.45,6,1.36,58398,251,1126,971,681,2039,695,472,100,105
3608,New York Congressional District 8,92560,4965,5.4,10140,11,11445,12.4,19889,21.5,22977,24.8,27991,30.2,32141,34.7,14924,16.1,2.92,6.53,8.24,7.03,7.98,2.63,60419,1488,3887,3830,2721,5734,2639,1270,2510,8062
3609,New York Congressional District 9,73453,968,1.3,1136,1.5,1245,1.7,5727,7.8,6296,8.6,10826,14.7,11555,15.7,4759,6.5,1.67,5.24,6.95,5.41,8.04,1.58,61898,413,2365,2490,830,3360,499,390,285,923
3610,New York Congressional District 10,46000,730,1.6,164,0.4,246,0.5,2774,6,3273,7.1,5393,11.7,5818,12.6,2044,4.4,1.53,5.22,6.82,5.42,6.22,1.46,40182,252,1172,919,674,1327,813,411,134,116
3611,New York Congressional District 11,157352,8122,5.2,2843,1.8,3499,2.2,16099,10.2,17984,11.4,24305,15.4,26129,16.6,7977,5.1,1.79,5.78,7.05,6.02,6.63,1.53,131222,977,3250,3625,3000,7547,3003,1318,1085,2325
3612,New York Congressional District 12,34960,1071,3.1,311,0.9,364,1,1069,3.1,1339,3.8,1805,5.2,2539,7.3,-2,0,1.3,5.11,7.36,5.98,4.37,1.2,32421,240,578,421,255,503,132,77,85,248
3613,New York Congressional District 13,17855,706,4,100,0.6,117,0.7,1331,7.5,1645,9.2,1980,11.1,2182,12.2,625,3.5,1.57,5.68,6.83,6.01,4.63,1.45,15672,124,294,128,267,766,249,192,87,76
3614,New York Congressional District 14,73978,2776,3.8,1156,1.6,1337,1.8,7369,10,8115,11,10840,14.7,11573,15.6,4593,6.2,1.74,5.74,6.88,5.96,5.78,1.58,62405,503,1163,1651,1430,3537,1533,479,386,891
3615,New York Congressional District 15,31648,674,2.1,441,1.4,523,1.7,3044,9.6,3257,10.3,4670,14.8,4877,15.4,2370,7.5,1.74,5.79,7.01,5.94,6.42,1.64,26770,140,466,972,324,1330,876,287,197,286
3616,New York Congressional District 16,122824,3769,3.1,1395,1.1,1711,1.4,12620,10.3,13167,10.7,16310,13.3,16849,13.7,8851,7.2,1.74,6.37,7.23,6.49,6.38,1.58,105974,309,1381,1625,1327,4732,2551,2074,1913,938
3617,New York Congressional District 17,196811,4626,2.4,3214,1.6,3524,1.8,18130,9.2,19086,9.7,24127,12.3,24995,12.7,13504,6.9,1.7,6.53,7.54,6.67,6.17,1.59,171812,556,2107,2510,2150,5236,2874,3796,4611,1159
3618,New York Congressional District 18,252976,9224,3.6,8175,3.2,9169,3.6,25353,10,26358,10.4,33110,13.1,34264,13.5,16129,6.4,1.77,6.72,7.76,6.87,5.91,1.61,218705,852,2978,3037,2768,6005,3757,5192,7062,2620
3619,New York Congressional District 19,425617,18996,4.5,33749,7.9,35052,8.2,61521,14.5,63014,14.8,74988,17.6,76739,18,42525,10,2.14,7.31,8.19,7.43,6.73,1.93,348859,1418,4917,5372,5121,9399,6996,11661,20696,11178
3620,New York Congressional District 20,271767,7639,2.8,7272,2.7,7771,2.9,30229,11.1,31543,11.6,41503,15.3,43105,15.9,22590,8.3,1.86,6.45,7.61,6.61,7.63,1.7,228657,1464,4031,4614,3853,8370,5004,5471,6822,3481
3621,New York Congressional District 21,436286,16112,3.7,27798,6.4,29554,6.8,62855,14.4,64455,14.8,79521,18.2,81434,18.7,46743,10.7,2.12,6.97,7.97,7.09,5.44,1.99,354841,2329,6443,6738,5903,11675,7917,11856,18618,9966
3622,New York Congressional District 22,338208,16356,4.8,22091,6.5,23240,6.9,55449,16.4,57136,16.9,75916,22.4,77842,23,39093,11.6,2.32,6.73,7.82,6.85,6.34,2.11,260349,2207,6462,6842,5934,13353,9493,11637,15562,6369
3623,New York Congressional District 23,383836,16489,4.3,24973,6.5,25885,6.7,68357,17.8,69458,18.1,91762,23.9,93269,24.3,51868,13.5,2.39,6.7,7.75,6.78,5.99,2.23,290547,2060,8173,8918,7235,15746,10332,15479,19116,6230
3624,New York Congressional District 24,288476,12033,4.2,6321,2.2,6739,2.3,30179,10.5,31206,10.8,42001,14.6,43288,15,18146,6.3,1.79,6.23,7.4,6.36,5.58,1.61,245181,1575,4925,4741,3564,8807,4885,6563,6686,1549
3625,New York Congressional District 25,252048,4619,1.8,2362,0.9,2663,1.1,17418,6.9,17940,7.1,25034,9.9,25858,10.3,12799,5.1,1.5,5.84,7.04,5.96,5.53,1.42,226187,1027,4127,2529,3425,4858,3026,3457,2768,644
3626,New York Congressional District 26,266639,4204,1.6,20,0,21,0,27819,10.4,31873,12,60883,22.8,62978,23.6,23615,8.9,1.87,4.7,6.16,4.79,4.35,1.83,203660,4711,12147,13756,11724,12573,5103,1623,1315,27
3627,New York Congressional District 27,323085,11661,3.6,6471,2,6739,2.1,31572,9.8,32481,10.1,45104,14,46573,14.4,19911,6.2,1.7,5.88,7.11,6,4.62,1.59,276507,2466,7073,4800,5801,7160,5809,6759,5335,1375
3901,Ohio Congressional District 1,343085,9662,2.8,4321,1.3,4528,1.3,25248,7.4,27439,8,33987,9.9,35928,10.5,15586,4.5,1.59,6.6,7.71,6.83,6.83,1.44,307139,1195,3205,2517,3318,6743,5202,4777,6281,2708
3902,Ohio Congressional District 2,415019,19081,4.6,18614,4.5,19392,4.7,47000,11.3,48941,11.8,57600,13.9,59126,14.2,27919,6.7,1.91,7.41,8.28,7.54,7.63,1.63,355883,1197,3673,2891,3905,7650,6100,8346,15266,10108
3903,Ohio Congressional District 3,243576,4735,1.9,726,0.3,733,0.3,8679,3.6,10075,4.1,16609,6.8,17910,7.4,3944,1.6,1.29,5.01,6.64,5.22,3.63,1.25,225663,1445,3987,2146,2299,4822,1271,890,686,367
3904,Ohio Congressional District 4,418425,13913,3.3,8976,2.1,9426,2.3,33368,8,35088,8.4,48658,11.6,50633,12.1,19455,4.6,1.6,5.97,7.26,6.12,5.2,1.48,367791,3094,7130,4204,5583,9810,5805,6696,6435,1877
3905,Ohio Congressional District 5,421688,17669,4.2,8992,2.1,9225,2.2,39619,9.4,41376,9.8,67900,16.1,69838,16.6,21950,5.2,1.73,5.4,7.05,5.49,5.1,1.58,351760,6837,12880,8195,8501,11928,6578,5996,5826,3187
3906,Ohio Congressional District 6,598730,45135,7.5,49189,8.2,51442,8.6,121107,20.2,123431,20.6,146404,24.5,148519,24.8,75972,12.7,2.66,7.71,8.5,7.78,7.97,2.21,450183,2232,6674,6780,9023,16042,13854,22225,39686,32031
3907,Ohio Congressional District 7,438009,14204,3.2,13369,3.1,14162,3.2,40699,9.3,42624,9.7,52591,12,54239,12.4,26495,6,1.7,6.63,7.64,6.76,5.72,1.56,383765,1774,5525,3609,4500,9865,6122,8302,11441,3106
3908,Ohio Congressional District 8,345290,9835,2.8,5398,1.6,5675,1.6,23246,6.7,25318,7.3,34238,9.9,36055,10.4,13411,3.9,1.52,5.97,7.25,6.16,5.58,1.4,309229,2044,4945,2524,4425,7973,4300,4134,4180,1536
3909,Ohio Congressional District 9,341401,19518,5.7,1252,0.4,1342,0.4,16543,4.8,18414,5.4,32482,9.5,34329,10.1,-2975,-0.9,1.42,5.2,6.83,5.37,3.32,1.31,307040,2610,6604,3577,5923,8200,2508,2162,2039,738
3910,Ohio Congressional District 10,362332,8523,2.4,3467,1,3638,1,22261,6.1,24826,6.9,34306,9.5,36812,10.2,13738,3.8,1.49,5.77,7.15,6.02,5.3,1.39,325517,2252,5153,3158,4906,8734,4006,3657,3724,1225
3911,Ohio Congressional District 11,300557,1253,0.4,698,0.2,727,0.2,11828,3.9,13474,4.5,20081,6.7,21587,7.2,10575,3.5,1.31,5.3,6.7,5.52,5.23,1.29,278969,1155,4126,2414,2815,6317,1909,1315,1191,346
3912,Ohio Congressional District 12,356894,8038,2.3,7964,2.2,8332,2.3,24937,7,26272,7.4,32923,9.2,34214,9.6,16899,4.7,1.54,6.59,7.69,6.76,5.59,1.44,322664,1118,3645,2556,2951,6333,3772,4708,6039,3108
3913,Ohio Congressional District 13,411264,5466,1.3,3777,0.9,3852,0.9,18598,4.5,19778,4.8,26913,6.5,28171,6.8,13132,3.2,1.34,6.02,7.31,6.19,6.23,1.28,383092,1536,3852,2383,2867,6168,3159,3200,3636,1371
3914,Ohio Congressional District 14,365658,6703,1.8,4926,1.3,5200,1.4,21346,5.8,22592,6.2,29022,7.9,30263,8.3,14643,4,1.44,6.28,7.4,6.45,6.21,1.35,335384,1158,3660,2333,3020,6342,3348,4216,4845,1352
3915,Ohio Congressional District 15,383365,19647,5.1,19115,5,19818,5.2,44134,11.5,45613,11.9,54758,14.3,56336,14.7,24487,6.4,1.92,7.24,8.2,7.38,6.65,1.65,327017,1544,4301,3127,4195,7309,4922,7991,13459,9500
3916,Ohio Congressional District 16,311356,5254,1.7,2436,0.8,2585,0.8,15242,4.9,16251,5.2,20942,6.7,22040,7.1,9988,3.2,1.36,6.14,7.26,6.34,5.19,1.3,289316,873,2658,1838,2184,4911,2778,3289,2963,546
4001,Oklahoma Congressional District 1,349679,14072,4,5340,1.5,5542,1.6,39516,11.3,39896,11.4,54626,15.6,55544,15.9,25444,7.3,1.8,6.05,7.06,6.11,5.27,1.66,294117,1381,6566,6126,6695,12541,6422,8316,6379,1136
4002,Oklahoma Congressional District 2,553648,34507,6.2,24715,4.5,24839,4.5,52899,9.6,53126,9.6,63465,11.5,63681,11.5,18392,3.3,1.72,7.22,7.96,7.25,4.91,1.5,489790,1155,4400,3531,5066,7091,7785,11874,15619,7337
4003,Oklahoma Congressional District 3,562840,27615,4.9,16430,2.9,16342,2.9,49967,8.9,49603,8.8,65694,11.7,65468,11.6,22352,4,1.63,6.41,7.4,6.43,4.46,1.49,496789,1950,8090,5430,6302,11161,8346,10208,10919,3645
4004,Oklahoma Congressional District 4,410085,20054,4.9,6927,1.7,6927,1.7,29096,7.1,28840,7,38489,9.4,38230,9.3,9042,2.2,1.5,6.31,7.29,6.34,4.28,1.36,371312,971,4896,3221,3168,8694,4420,5968,5832,1603
4005,Oklahoma Congressional District 5,339311,9367,2.8,2845,0.8,2817,0.8,19545,5.8,18916,5.6,26880,7.9,26426,7.8,10178,3,1.4,5.98,6.99,5.99,4.39,1.31,312406,643,3985,2530,2644,6984,2891,3502,3019,707
4101,Oregon Congressional District 1,316561,13351,4.2,9179,2.9,9728,3.1,34147,10.8,35998,11.4,46408,14.7,47899,15.1,20796,6.6,1.87,6.75,7.82,6.88,6.62,1.66,268658,1263,3668,4110,3657,8467,6872,7419,7858,4589
4102,Oregon Congressional District 2,479448,18067,3.8,20548,4.3,22142,4.6,91744,19.1,95782,20,128894,26.9,131800,27.5,73677,15.4,2.45,6.27,7.35,6.36,5.93,2.31,347637,3833,12196,15207,14153,29365,15916,16166,16474,8501
4103,Oregon Congressional District 3,291942,5607,1.9,6310,2.2,6710,2.3,30325,10.4,32626,11.2,48895,16.7,50924,17.4,24718,8.5,1.93,6.31,7.67,6.48,8.35,1.8,241011,1473,5415,6159,4126,10229,6802,5869,7390,3468
4104,Oregon Congressional District 4,376448,30183,8,27533,7.3,28520,7.6,79926,21.2,83418,22.2,125673,33.4,129699,34.5,49743,13.2,2.76,6.11,7.66,6.24,6.27,2.45,246733,6872,16895,16083,12689,22762,12221,13296,16739,12158
4105,Oregon Congressional District 5,339899,18247,5.4,14595,4.3,15526,4.6,49988,14.7,52844,15.5,69836,20.5,72120,21.2,31741,9.3,2.18,6.57,7.72,6.71,7.04,1.9,267775,1998,6149,6881,6829,14873,8729,8073,10816,7776
4201,Pennsylvania Congressional District 1,265396,7904,3,3820,1.4,4015,1.5,14828,5.6,16229,6.1,22007,8.3,23430,8.8,6924,2.6,1.45,6.14,7.62,6.39,6.53,1.29,241962,1436,2891,2540,2357,4573,2117,2301,2560,2659
4202,Pennsylvania Congressional District 2,244822,712,0.3,298,0.1,316,0.1,19503,8,22319,9.1,33599,13.7,37191,15.2,18791,7.7,1.63,5.12,6.45,5.42,7.14,1.61,207631,2703,6049,4677,4296,12568,4548,1760,542,48
4203,Pennsylvania Congressional District 3,256242,491,0.2,657,0.3,768,0.3,19800,7.7,21974,8.6,28700,11.2,31720,12.4,19309,7.5,1.56,5.53,6.73,5.86,8.94,1.55,224516,1891,4789,2699,3358,10690,3854,2162,1538,745
4204,Pennsylvania Congressional District 4,269346,5640,2.1,2772,1,2963,1.1,13994,5.2,14751,5.5,17017,6.3,17816,6.6,8354,3.1,1.39,6.87,7.73,7.08,6.63,1.27,251523,506,1412,920,1400,3237,2285,3064,3416,1583
4205,Pennsylvania Congressional District 5,249804,5640,2.3,894,0.4,1179,0.5,16581,6.6,18545,7.4,26748,10.7,29921,12,10941,4.4,1.53,5.41,6.91,5.78,5.79,1.42,219880,2490,4709,3470,2854,8434,2999,2331,2114,523
4206,Pennsylvania Congressional District 6,258377,4846,1.9,4644,1.8,4898,1.9,14964,5.8,15687,6.1,17869,6.9,18563,7.2,10118,3.9,1.44,7.06,7.86,7.24,6.47,1.34,239803,405,1359,861,1322,3123,2356,2997,4527,1624
4207,Pennsylvania Congressional District 7,270196,6005,2.2,6236,2.3,6544,2.4,18790,7,19618,7.3,24334,9,25255,9.3,12785,4.7,1.55,6.85,7.92,7.02,7.67,1.41,244931,576,2518,1839,2002,4203,2611,3494,4627,3395
4208,Pennsylvania Congressional District 8,423715,13044,3.1,9762,2.3,10518,2.5,41586,9.8,43410,10.2,66397,15.7,67831,16,28542,6.7,1.92,6.76,7.81,6.86,6.6,1.77,355872,1025,4169,4011,4904,16142,13154,9283,11003,4152
4209,Pennsylvania Congressional District 9,361311,16235,4.5,18212,5,19525,5.4,44919,12.4,46402,12.8,54297,15,55654,15.4,28684,7.9,1.98,7.34,8.16,7.47,7.05,1.74,305650,945,3559,3089,3391,7193,6082,9111,14599,7692
4210,Pennsylvania Congressional District 10,277893,8915,3.2,10491,3.8,11525,4.1,30318,10.9,31372,11.3,37616,13.5,38876,14,21403,7.7,1.89,7.38,8.37,7.54,8.07,1.69,239015,839,2809,2325,2466,5159,3961,5333,6113,9873
4211,Pennsylvania Congressional District 11,262832,3847,1.5,5318,2,5562,2.1,15872,6,16735,6.4,19724,7.5,20495,7.8,12025,4.6,1.48,7.16,8.11,7.34,7.28,1.4,242332,438,1553,1206,1443,3239,2094,2838,4427,3262
4212,Pennsylvania Congressional District 12,366888,32593,8.9,35707,9.7,37253,10.2,73178,19.9,75229,20.5,91538,24.9,93863,25.6,40585,11.1,2.66,7.5,8.39,7.63,7.75,2.16,273001,1792,5120,4547,5497,12040,10592,13257,23523,17519
4213,Pennsylvania Congressional District 13,374494,21083,5.6,25256,6.7,26388,7,56234,15,57847,15.4,67140,17.9,68455,18.3,35151,9.4,2.17,7.4,8.16,7.5,7.44,1.85,306031,1047,4200,3419,4124,9019,6841,11396,19370,9047
4214,Pennsylvania Congressional District 14,377807,14255,3.8,23930,6.3,24848,6.6,47575,12.6,48459,12.8,53564,14.2,54476,14.4,33320,8.8,2.02,8.09,8.67,8.18,8.93,1.75,323317,507,2066,1983,2239,4938,4454,7029,15508,15766
4215,Pennsylvania Congressional District 15,440269,24084,5.5,35445,8.1,37218,8.5,66859,15.2,68127,15.5,76646,17.4,77701,17.6,42775,9.7,2.21,7.83,8.48,7.91,7.96,1.87,362555,958,3615,3248,3695,7908,6604,11553,23039,17094
4216,Pennsylvania Congressional District 16,349585,12390,3.5,8311,2.4,8760,2.5,26253,7.5,27083,7.7,33469,9.6,34315,9.8,13863,4,1.57,6.77,7.72,6.88,6.19,1.39,315265,726,3213,2534,2639,6023,4006,5335,7357,2487
4217,Pennsylvania Congressional District 17,337854,7029,2.1,10039,3,10439,3.1,38047,11.3,39270,11.6,46492,13.8,47672,14.1,31018,9.2,1.95,7.73,8.58,7.86,8.48,1.81,290172,648,2141,2372,2473,5509,4966,6256,11904,11413
4218,Pennsylvania Congressional District 18,335068,4370,1.3,6828,2,7429,2.2,39354,11.7,41136,12.3,48794,14.6,50125,15,34984,10.4,1.99,7.6,8.46,7.72,9.05,1.89,284934,507,2110,3052,3360,5325,6065,8007,11077,10631
7298,Puerto Rico Resident Commissioner District (at Large),1270464,107418,8.5,25346,2,25975,2,183989,14.5,181265,14.3,261360,20.6,258116,20.3,76571,6,2.12,6.42,7.51,6.44,4.13,1.9,1007513,4211,26001,29754,27417,51578,31191,37499,36345,18955
4401,Rhode Island Congressional District 1,171894,8652,5,2897,1.7,3459,2,11895,6.9,13259,7.7,17748,10.3,19200,11.2,3243,1.9,1.56,6.01,7.43,6.31,5.26,1.36,152691,944,2429,2290,1858,4560,1847,1649,1935,1691
4402,Rhode Island Congressional District 2,211836,15133,7.1,6102,2.9,7342,3.5,19779,9.3,21787,10.3,28187,13.3,30187,14.3,4646,2.2,1.76,6.36,7.73,6.64,6.01,1.43,181645,1224,3284,3263,2848,5744,3173,3253,4198,3204
4501,South Carolina Congressional District 1,350276,115579,33,25539,7.3,33728,9.6,107947,30.8,124808,35.6,133494,38.1,153128,43.7,-7632,-2.2,3.52,6.77,7.92,7.34,6.67,1.97,197137,7143,10879,9404,11810,22375,30172,23913,17348,20095
4502,South Carolina Congressional District 2,343349,7279,2.1,4485,1.3,4829,1.4,21442,6.2,22929,6.7,27987,8.2,29659,8.6,14163,4.1,1.46,6.36,7.43,6.6,5.26,1.38,313688,1216,3237,2013,2627,5940,3940,5010,4734,944
4503,South Carolina Congressional District 3,405974,3850,0.9,8203,2,8834,2.2,23010,5.7,24151,5.9,27967,6.9,29235,7.2,19160,4.7,1.44,7.12,8.03,7.33,6.83,1.39,376735,834,2166,1651,1943,3759,3231,5211,7662,2782
4504,South Carolina Congressional District 4,324207,3846,1.2,4422,1.4,4794,1.5,21954,6.8,23169,7.1,26457,8.2,27453,8.5,18108,5.6,1.51,7.08,7.89,7.25,7.01,1.45,296746,690,1851,1351,1962,3918,3469,5337,7063,1820
4505,South Carolina Congressional District 5,381470,7381,1.9,6203,1.6,6952,1.8,23609,6.2,24996,6.6,29943,7.8,31315,8.2,16228,4.3,1.48,6.79,7.78,6.99,5.69,1.38,350149,1100,2673,1768,2755,4751,4052,5424,6758,2040
4506,South Carolina Congressional District 6,377183,27540,7.3,11141,3,13155,3.5,52937,14,60184,16,69632,18.5,77072,20.4,25397,6.7,2.05,6.15,7.25,6.52,5.56,1.75,300105,4378,8010,4200,9609,13746,13869,13902,7927,1437
4507,South Carolina Congressional District 7,433325,31626,7.3,15775,3.6,18495,4.3,72710,16.8,80011,18.5,99604,23,109180,25.2,41084,9.5,2.26,6.01,7.33,6.36,6.52,1.92,324133,8047,14689,7080,13208,19027,15281,13638,10728,7494
4600,South Dakota Congressional District (at Large),666298,23753,3.6,21727,3.3,22148,3.3,72597,10.9,73022,11,94814,14.2,95322,14.3,48844,7.3,1.8,6.56,7.52,6.59,4.25,1.69,570774,1795,10955,7961,8452,16333,11831,14956,17207,6034
4701,Tennessee Congressional District 1,403480,12009,3,28214,7,29905,7.4,62188,15.4,64084,15.9,72408,17.9,74157,18.4,50179,12.4,2.24,7.74,8.44,7.86,7.19,2.09,329293,1035,3406,3276,3846,7791,7227,11226,21501,14879
4702,Tennessee Congressional District 2,344456,5964,1.7,8522,2.5,9069,2.6,32273,9.4,33475,9.7,43539,12.6,44502,12.9,26309,7.6,1.76,6.87,7.94,6.96,6.48,1.67,299944,830,3688,3630,3770,7068,5308,6546,9100,4572
4703,Tennessee Congressional District 3,354895,10866,3.1,16961,4.8,17928,5.1,54954,15.5,56329,15.9,69705,19.6,70932,20,44088,12.4,2.25,7.26,8.16,7.34,6.47,2.12,283945,1462,4521,4030,4888,9002,8584,11514,17885,9064
4704,Tennessee Congressional District 4,373627,12279,3.3,15584,4.2,16198,4.3,41255,11,42552,11.4,52219,14,53584,14.3,28976,7.8,1.83,6.82,7.78,6.94,5.2,1.72,320030,1634,4923,3138,4695,7506,6443,9862,11675,3721
4705,Tennessee Congressional District 5,290785,8531,2.9,5766,2,5942,2,30495,10.5,31584,10.9,39617,13.6,40461,13.9,21964,7.6,1.79,6.69,7.65,6.78,7,1.63,250315,1047,3588,2983,3195,7643,5079,6565,7687,2683
4706,Tennessee Congressional District 6,426620,7542,1.8,18095,4.2,18844,4.4,43815,10.3,44930,10.5,51881,12.2,52944,12.4,36273,8.5,1.79,7.4,8.16,7.5,6.42,1.71,373659,1021,3346,2403,3511,6110,5655,9255,14202,7458
4707,Tennessee Congressional District 7,429017,19300,4.5,25875,6,26626,6.2,52226,12.2,53455,12.5,60872,14.2,62033,14.5,32926,7.7,1.95,7.59,8.31,7.69,6.96,1.72,366975,1090,3594,2640,3694,6325,5985,10187,17681,10846
4708,Tennessee Congressional District 8,365180,17059,4.7,8794,2.4,9160,2.5,26739,7.3,27469,7.5,33663,9.2,34460,9.4,9680,2.7,1.53,6.62,7.51,6.72,4.53,1.38,330716,924,3406,2175,3118,5670,4689,6740,6485,1257
4709,Tennessee Congressional District 9,256621,3798,1.5,972,0.4,1052,0.4,17180,6.7,20069,7.8,35533,13.8,39238,15.3,13382,5.2,1.63,5.12,6.89,5.43,5.3,1.58,217380,3679,6713,5162,5989,9188,3475,2566,1746,723
4801,Texas Congressional District 1,425476,13703,3.2,10531,2.5,10753,2.5,27563,6.5,28233,6.6,34540,8.1,35115,8.3,13860,3.3,1.47,6.74,7.59,6.82,4.64,1.35,390357,733,2646,2932,2884,6128,4021,6660,8070,1045
4802,Texas Congressional District 2,258738,16637,6.4,1218,0.5,1313,0.5,21535,8.3,23934,9.3,48456,18.7,51710,20,4898,1.9,1.74,4.72,6.52,4.9,4.74,1.53,207026,4876,11411,10080,7524,10724,2560,1745,2131,661
4803,Texas Congressional District 3,286680,3380,1.2,757,0.3,771,0.3,6360,2.2,6590,2.3,10230,3.6,10438,3.6,2980,1,1.17,5.59,6.86,5.65,3.68,1.13,276242,213,1750,1657,1117,2653,989,1133,756,170
4804,Texas Congressional District 4,506608,19809,3.9,12649,2.5,12842,2.5,29899,5.9,30292,6,38638,7.6,39054,7.7,10090,2,1.44,6.68,7.64,6.73,4.54,1.29,467542,770,3629,3759,3082,6172,4081,7005,9182,1386
4805,Texas Congressional District 5,400545,14018,3.5,7459,1.9,7649,1.9,20204,5,20573,5.1,28067,7,28569,7.1,6186,1.5,1.38,6.32,7.49,6.4,4.39,1.25,371963,1064,3234,3151,2585,4667,2895,4597,5609,780
4806,Texas Congressional District 6,291757,8293,2.8,1863,0.6,1933,0.7,8184,2.8,8449,2.9,12826,4.4,13197,4.5,-109,0,1.22,5.78,7.14,5.88,3.77,1.14,278552,450,2011,1969,1326,2818,1221,1594,1513,303
4807,Texas Congressional District 7,190361,21065,11.1,1717,0.9,1864,1,23229,12.2,25238,13.3,60901,32,63814,33.5,2164,1.1,2.14,4.38,6.17,4.5,4.98,1.78,126526,7961,15182,12746,10538,10838,3725,2122,535,188
4808,Texas Congressional District 8,451560,32915,7.3,10315,2.3,11078,2.5,38575,8.5,40775,9,58580,13,61244,13.6,5660,1.3,1.65,5.81,7.19,5.98,4.28,1.43,390295,3646,8326,7616,6840,12043,6155,7568,7478,1593
4809,Texas Congressional District 9,192114,24039,12.5,3178,1.7,3345,1.7,44052,22.9,46066,24,79772,41.5,82314,42.8,20013,10.4,2.65,4.85,6.3,4.94,4.72,2.34,109784,9624,15185,11653,11907,18914,8066,5039,1654,288
4810,Texas Congressional District 10,375732,19867,5.3,5236,1.4,5590,1.5,26468,7,28366,7.5,52131,13.9,54914,14.6,6601,1.8,1.58,4.98,6.9,5.13,4.25,1.41,320811,7037,11566,7582,6883,8772,3876,4071,3900,1234
4811,Texas Congressional District 11,490091,33425,6.8,11586,2.4,11929,2.4,55678,11.4,56933,11.6,79266,16.2,80601,16.4,22253,4.5,1.83,6.05,7.22,6.11,5.11,1.58,409487,3916,9616,9357,9512,15858,8624,8530,9846,5345
4812,Texas Congressional District 12,308312,12869,4.2,3347,1.1,3458,1.1,16484,5.3,17264,5.6,26904,8.7,27513,8.9,3615,1.2,1.45,6.05,7.43,6.14,5.56,1.27,280794,853,3101,3573,3540,5974,2793,2404,3982,1298
4813,Texas Congressional District 13,459942,14181,3.1,7713,1.7,7883,1.7,30335,6.6,30537,6.6,47827,10.4,48034,10.4,16154,3.5,1.5,5.78,7.1,5.81,4.41,1.4,411736,1797,7129,6888,5933,9194,5192,5160,5370,1543
4814,Texas Congressional District 14,394795,109205,27.7,39213,9.9,49457,12.5,162205,41.1,247794,62.8,273624,69.3,291213,73.8,53000,13.4,5.58,7.2,8.2,7.46,8.11,4.53,103579,6877,15564,18607,14626,39313,37902,77516,39707,41104
4815,Texas Congressional District 15,311529,25191,8.1,16816,5.4,17476,5.6,62665,20.1,64465,20.7,106789,34.3,108770,34.9,37474,12,2.57,5.48,6.88,5.55,5.59,2.3,202735,7463,14267,17058,16808,19538,11744,12494,7173,2249
4816,Texas Congressional District 16,305686,11193,3.7,16,0,15,0,10882,3.6,10731,3.5,36394,11.9,36409,11.9,-311,-0.1,1.43,4.62,6.29,4.63,2.66,1.39,269072,920,8061,10234,7176,7260,1495,1008,411,49
4817,Texas Congressional District 17,336170,11988,3.6,5288,1.6,5470,1.6,19173,5.7,19870,5.9,27611,8.2,28263,8.4,7185,2.1,1.43,6.07,7.24,6.17,4.13,1.32,307906,827,3318,3620,3021,5877,2979,3926,3980,716
4818,Texas Congressional District 18,246365,28639,11.6,1324,0.5,1397,0.6,30811,12.5,33520,13.6,67099,27.2,70888,28.8,2172,0.9,2.03,4.59,6.18,4.73,4.23,1.74,175470,7346,15374,13278,11134,15863,4233,2410,847,410
4819,Texas Congressional District 19,411987,31985,7.8,5319,1.3,5570,1.4,33942,8.2,34703,8.4,56245,13.7,57677,14,1957,0.5,1.6,5.28,6.74,5.36,3.64,1.41,354294,5720,9530,8334,6662,11555,5682,4683,4143,1384
4820,Texas Congressional District 20,220081,4758,2.2,424,0.2,439,0.2,23012,10.5,24344,11.1,37419,17,38743,17.6,18254,8.3,1.77,5.35,6.61,5.47,5.65,1.67,181328,1238,7510,4827,5139,9950,4709,3905,1212,263
4821,Texas Congressional District 21,363129,11076,3.1,10482,2.9,10771,3,32769,9,33412,9.2,43246,11.9,43960,12.1,21693,6,1.69,6.65,7.69,6.74,5.58,1.56,319062,974,4541,3825,3924,6952,5456,6673,7780,3942
4822,Texas Congressional District 22,371268,29311,7.9,5542,1.5,6212,1.7,72274,19.5,76703,20.7,157949,42.5,163968,44.2,42963,11.6,2.75,4.96,6.61,5.07,4.13,2.59,207283,15413,27032,26955,31432,31732,13187,11299,5866,1069
4823,Texas Congressional District 23,512410,26230,5.1,8970,1.8,9783,1.9,45044,8.8,46785,9.1,73467,14.3,75629,14.8,18814,3.7,1.68,5.61,7.04,5.71,3.87,1.55,436764,4427,11644,11467,9409,13161,7568,8485,7290,2195
4824,Texas Congressional District 24,201889,3795,1.9,382,0.2,392,0.2,5243,2.6,5611,2.8,16743,8.3,17599,8.7,1448,0.7,1.35,4.99,6.82,5.13,4,1.29,184288,1143,3328,3079,1896,5671,1065,694,506,219
4825,Texas Congressional District 25,417021,18992,4.6,8106,1.9,8709,2.1,26412,6.3,26921,6.5,35258,8.5,35823,8.6,7420,1.8,1.49,6.74,7.82,6.81,4.51,1.34,381193,751,3301,3660,3021,5933,3634,4918,6104,4506
4826,Texas Congressional District 26,325034,7483,2.3,1273,0.4,1310,0.4,8995,2.8,9374,2.9,14697,4.5,15071,4.6,1512,0.5,1.21,5.62,6.95,5.71,3.66,1.16,309963,456,2350,2324,1602,3750,1472,1674,1185,258
4827,Texas Congressional District 27,407845,74302,18.2,28171,6.9,34426,8.4,99235,24.3,108566,26.6,142598,35,154357,37.8,24933,6.1,3,6.27,7.72,6.58,6.37,2.24,253484,9219,17366,17004,15231,22939,17597,19651,18065,17289
4828,Texas Congressional District 28,308449,19280,6.3,5513,1.8,5921,1.9,29143,9.4,30359,9.8,42945,13.9,44184,14.3,9863,3.2,1.68,5.75,6.89,5.86,4.12,1.49,264257,1627,5850,5747,5470,10230,5155,5956,3566,591
4829,Texas Congressional District 29,192197,21251,11.1,933,0.5,1014,0.5,23281,12.1,25876,13.5,57962,30.2,62399,32.5,2030,1.1,2.11,4.42,6.32,4.58,4.49,1.8,129796,8433,15365,11824,7771,11788,3722,2192,851,455
4830,Texas Congressional District 30,227701,6976,3.1,657,0.3,700,0.3,8900,3.9,9234,4.1,15990,7,16381,7.2,1924,0.8,1.32,5.43,6.82,5.5,4.24,1.23,211319,421,2573,2989,2044,4611,1312,1002,1007,423
4831,Texas Congressional District 31,352087,7624,2.2,3363,1,3505,1,14112,4,14469,4.1,20421,5.8,20869,5.9,6488,1.8,1.3,6.05,7.23,6.13,4.38,1.23,331217,524,2702,2755,1945,4717,2111,2703,2533,880
4832,Texas Congressional District 32,207192,2714,1.3,181,0.1,188,0.1,3501,1.7,3651,1.8,6610,3.2,6787,3.3,787,0.4,1.14,5.13,6.58,5.21,3.54,1.1,200405,227,1316,1391,744,1839,509,393,296,72
4833,Texas Congressional District 33,193809,6305,3.3,485,0.3,510,0.3,7703,4,8135,4.2,15449,8,15997,8.3,1398,0.7,1.34,5.15,6.75,5.26,3.77,1.25,177808,705,3142,3020,1804,4217,1234,811,667,401
4834,Texas Congressional District 34,322999,42097,13,16910,5.2,18070,5.6,70515,21.8,72729,22.5,106296,32.9,109076,33.8,28418,8.8,2.6,5.74,7.03,5.83,5.21,2.18,213921,7110,14366,14648,13647,21363,10650,10816,12447,4031
4835,Texas Congressional District 35,242677,9687,4,1578,0.7,1663,0.7,21909,9,22717,9.4,33683,13.9,34675,14.3,12222,5,1.67,5.7,6.95,5.81,4.77,1.54,207999,1048,5274,4773,3822,7954,4444,4117,2557,689
4836,Texas Congressional District 36,446939,71728,16,15545,3.5,17741,4,96931,21.7,112600,25.2,142322,31.8,163693,36.6,25203,5.6,2.84,6.04,7.51,6.5,5.91,2.23,283233,9878,17130,19860,17879,27212,19721,26488,20305,5233
4901,Utah Congressional District 1,379256,7776,2.1,1461,0.4,2063,0.5,34033,9,36145,9.5,55852,14.7,58463,15.4,26257,6.9,1.69,5.49,6.99,5.64,3.8,1.65,320630,4134,10871,6752,6819,11653,5945,5638,5013,1801
4902,Utah Congressional District 2,397602,6640,1.7,2713,0.7,3188,0.8,40348,10.1,43242,10.9,71219,17.9,74648,18.8,33708,8.5,1.79,5.21,6.67,5.36,3.98,1.76,322713,5149,14770,10541,11043,15205,6521,5523,4331,1806
4903,Utah Congressional District 3,295730,3781,1.3,1923,0.7,2063,0.7,28372,9.6,30392,10.3,49445,16.7,51529,17.4,24591,8.3,1.78,5.45,7.01,5.59,4.44,1.74,244059,2671,10239,6834,5884,10893,4733,4700,4232,1485
4904,Utah Congressional District 4,290243,2961,1,298,0.1,351,0.1,19585,6.7,20878,7.2,39644,13.7,41831,14.4,16624,5.7,1.55,4.8,6.38,4.94,3.83,1.53,248185,3431,10524,6395,6060,8540,3004,2107,1564,433
5101,Virginia Congressional District 1,431707,21107,4.9,13815,3.2,17196,4,32175,7.5,36518,8.5,40612,9.4,45728,10.6,11068,2.6,1.61,6.77,8.08,7.29,6.48,1.35,385978,2614,4261,2892,4126,5607,4602,6088,10539,5000
5102,Virginia Congressional District 2,281733,40600,14.4,20106,7.1,26058,9.2,46373,16.5,59263,21,70168,24.9,90857,32.2,5773,2,2.57,5.87,8.11,6.83,7.28,1.77,190876,9584,15086,9012,10318,12520,6087,5274,8653,14323
5103,Virginia Congressional District 3,262317,21656,8.3,4452,1.7,6978,2.7,27166,10.4,37856,14.4,46462,17.7,66007,25.2,5510,2.1,1.99,4.94,7.07,5.89,6.12,1.62,196307,7723,15318,7434,9447,11840,5041,3432,3606,2169
5104,Virginia Congressional District 4,328930,10817,3.3,4244,1.3,4555,1.4,20688,6.3,21810,6.6,28869,8.8,31257,9.5,9871,3,1.47,5.92,7.21,6.21,3.92,1.38,297672,1978,4720,2546,3512,5666,3477,4498,3803,1058
5105,Virginia Congressional District 5,513373,8600,1.7,16311,3.2,17041,3.3,33793,6.6,34616,6.7,39066,7.6,40103,7.8,25193,4.9,1.52,7.61,8.33,7.75,6.2,1.43,473260,758,2079,1829,2183,3861,3871,6593,12932,6007
5106,Virginia Congressional District 6,433640,19354,4.5,22645,5.2,23636,5.5,55880,12.9,57705,13.3,65800,15.2,67411,15.5,36526,8.4,2,7.44,8.17,7.56,6.91,1.77,366222,1147,3825,3103,4142,8339,7442,11392,18750,9278
5107,Virginia Congressional District 7,353382,4447,1.3,5304,1.5,5507,1.6,18186,5.1,18811,5.3,22135,6.3,22686,6.4,13739,3.9,1.38,6.85,7.63,6.96,5.07,1.33,330695,405,1882,1283,1861,3853,3082,4309,4873,1139
5108,Virginia Congressional District 8,165620,2986,1.8,616,0.4,694,0.4,12398,7.5,13393,8.1,17593,10.6,18327,11.1,9412,5.7,1.57,6.12,7.19,6.27,6.53,1.48,147290,554,1882,1776,1914,4445,2876,2459,1989,435
5109,Virginia Congressional District 9,505007,24779,4.9,59082,11.7,61650,12.2,100061,19.8,102167,20.2,110632,21.9,112723,22.3,75282,14.9,2.61,8.21,8.75,8.32,7.91,2.32,392259,1421,3976,3244,4586,7991,8236,14790,33484,35020
5110,Virginia Congressional District 10,307114,3189,1,2957,1,3149,1,12518,4.1,13314,4.3,16219,5.3,16958,5.5,9329,3,1.31,6.6,7.59,6.78,5.69,1.26,290156,363,1634,1286,1452,3358,2130,2706,3047,982
5111,Virginia Congressional District 11,212072,2725,1.3,354,0.2,398,0.2,7892,3.7,8454,4,10554,5,11212,5.3,5167,2.4,1.28,6.31,7.33,6.53,4.16,1.24,200859,233,1228,933,1033,2555,1634,1756,1569,272
5000,Vermont Congressional District (at Large),312204,12786,4.1,24807,7.9,25681,8.2,46103,14.8,46992,15.1,55621,17.8,56583,18.1,33317,10.7,2.18,7.53,8.35,7.62,6.65,1.97,255610,754,3099,3698,3330,6691,4786,7981,15957,10298
5301,Washington Congressional District 1,302418,18592,6.1,16985,5.6,17883,5.9,42409,14,44390,14.7,55157,18.2,56543,18.7,23817,7.9,2.14,7.07,8.11,7.19,7.27,1.78,245855,1452,3892,4319,4626,8298,6267,7339,11012,9358
5302,Washington Congressional District 2,281540,17825,6.3,12561,4.5,13401,4.8,26541,9.4,27967,9.9,35648,12.7,37252,13.2,8716,3.1,1.8,7.02,8.26,7.22,6.28,1.48,244282,926,3007,3510,3064,5893,3492,3361,5362,8643
5303,Washington Congressional District 3,353629,15611,4.4,19434,5.5,20620,5.8,55719,15.8,58903,16.7,86678,24.5,89338,25.3,40108,11.3,2.42,6.63,7.9,6.76,6.7,2.23,264277,2227,6318,8035,8517,20435,11019,10106,13204,9491
5304,Washington Congressional District 4,353010,11412,3.2,6358,1.8,7279,2.1,49402,14,52003,14.7,78162,22.1,80718,22.9,37990,10.8,2.16,6.07,7.43,6.2,5.88,2.04,272272,3367,9076,9945,9283,16740,8938,8976,8958,5455
5305,Washington Congressional District 5,359999,8077,2.2,15289,4.2,17208,4.8,54308,15.1,57573,16,76970,21.4,80194,22.3,46231,12.8,2.22,6.47,7.74,6.65,7.23,2.1,279796,2877,7172,9484,7479,14358,8474,9676,13139,7544
5306,Washington Congressional District 6,401113,22923,5.7,20955,5.2,23134,5.8,51076,12.7,53987,13.5,63918,15.9,66384,16.5,28153,7,2,7.06,8.02,7.23,6.44,1.74,334702,1572,4833,4679,4810,10272,7995,9691,12520,10039
5307,Washington Congressional District 7,211360,1264,0.6,1369,0.6,1472,0.7,7260,3.4,8092,3.8,13727,6.5,14517,6.9,5996,2.8,1.32,5.68,7.32,5.84,4.6,1.3,196839,297,2372,2296,1692,3491,1780,804,638,1151
5308,Washington Congressional District 8,312490,11838,3.8,15330,4.9,16288,5.2,48678,15.6,50515,16.2,66481,21.3,68134,21.8,36840,11.8,2.21,6.55,7.65,6.66,6.09,2.06,244344,2111,5952,6867,7147,12137,7696,8685,10538,7013
5309,Washington Congressional District 9,190661,1286,0.7,1867,1,2076,1.1,11160,5.9,12228,6.4,17394,9.1,17951,9.4,9874,5.2,1.51,6.43,7.67,6.55,6.11,1.48,172708,305,1746,1625,1847,4045,2427,2200,2618,1140
5310,Washington Congressional District 10,259301,5252,2,6648,2.6,7143,2.8,31191,12,32901,12.7,46949,18.1,48536,18.7,25939,10,2.01,6.4,7.59,6.54,6.04,1.93,210760,1440,4378,4201,5112,12403,5357,4822,6368,4460
5501,Wisconsin Congressional District 1,294650,5990,2,2676,0.9,2886,1,23067,7.8,24237,8.2,32570,11.1,33728,11.4,17077,5.8,1.55,5.83,6.93,5.96,4.54,1.49,260914,1389,4821,2906,4657,7585,4313,4255,3214,596
5502,Wisconsin Congressional District 2,350387,11886,3.4,12779,3.6,13102,3.7,38629,11,39684,11.3,49096,14,50169,14.3,26743,7.6,1.82,6.7,7.64,6.79,6.26,1.66,300210,1237,5067,3510,3939,9055,5510,7815,11243,2801
5503,Wisconsin Congressional District 3,559201,30373,5.4,35846,6.4,36566,6.5,93296,16.7,94531,16.9,120017,21.5,121356,21.7,62923,11.3,2.26,6.83,7.81,6.88,6.42,2.01,437821,2704,12088,9480,9236,19446,12151,17089,27476,11710
5504,Wisconsin Congressional District 4,185326,947,0.5,887,0.5,897,0.5,9373,5.1,9910,5.3,15287,8.2,15619,8.4,8426,4.5,1.36,5.27,6.45,5.35,6.14,1.34,169697,513,2920,2263,1959,4922,1414,657,687,294
5505,Wisconsin Congressional District 5,276486,10339,3.7,2669,1,2817,1,20082,7.3,20962,7.6,29059,10.5,29897,10.8,9743,3.5,1.52,5.8,6.94,5.9,4.69,1.39,246583,1364,4262,2937,3186,7141,4041,3882,2774,316
5506,Wisconsin Congressional District 6,412811,24159,5.9,7816,1.9,8214,2,41175,10,42500,10.3,58543,14.2,60083,14.6,17016,4.1,1.71,5.88,7.04,5.98,4.88,1.51,352681,3186,8393,5532,7009,12312,7475,8134,7088,1001
5507,Wisconsin Congressional District 7,832971,31565,3.8,31217,3.7,31803,3.8,95062,11.4,96523,11.6,123408,14.8,124735,15,63497,7.6,1.83,6.53,7.5,6.57,4.9,1.7,708195,3858,13791,9436,12586,19352,16185,19341,21799,8428
5508,Wisconsin Congressional District 8,466295,21772,4.7,8395,1.8,8733,1.9,39386,8.4,40757,8.7,55605,11.9,56910,12.2,17614,3.8,1.6,5.92,7.09,6.01,4.12,1.47,409295,3203,8066,5069,7003,10774,7189,7196,6007,2493
5401,West Virginia Congressional District 1,446034,31869,7.1,49752,11.2,51446,11.5,100596,22.6,101832,22.8,121363,27.2,122465,27.5,68727,15.4,2.94,8.04,8.84,8.1,8.8,2.48,323449,1418,4625,5689,6782,10897,8723,13626,31319,39506
5402,West Virginia Congressional District 2,452798,40614,9,74134,16.4,76255,16.8,132507,29.3,134159,29.6,151155,33.4,152579,33.7,91893,20.3,3.47,8.34,8.94,8.39,8.51,2.96,300165,1426,4553,4721,6600,11178,11037,15631,40093,57394
5403,West Virginia Congressional District 3,528534,60289,11.4,121836,23.1,125403,23.7,184646,34.9,187396,35.5,204650,38.7,207262,39.2,124357,23.5,3.94,8.5,9.03,8.58,8.61,3.12,321195,2271,5345,5507,7367,13160,11885,19407,57613,84784
5600,Wyoming Congressional District (at Large),339156,8239,2.4,4858,1.4,5730,1.7,40460,11.9,42688,12.6,62646,18.5,65087,19.2,32221,9.5,1.92,5.81,7.07,5.95,5.51,1.83,274062,3142,7527,8471,8667,14806,7161,6732,6543,2045